Sno,Date,Time,State/UnionTerritory,ConfirmedIndianNational,ConfirmedForeignNational,Cured,Deaths,confirmed,Confirmed
1,30-01-2020,6:00 PM,Kerala,1,0,0,0,1,1
2,31-01-2020,6:00 PM,Kerala,1,0,0,0,1,2
3,01-02-2020,6:00 PM,Kerala,2,0,0,0,2,4
4,02-02-2020,6:00 PM,Kerala,3,0,0,0,3,7
5,03-02-2020,6:00 PM,Kerala,3,0,0,0,3,10
6,04-02-2020,6:00 PM,Kerala,3,0,0,0,3,13
7,05-02-2020,6:00 PM,Kerala,3,0,0,0,3,16
8,06-02-2020,6:00 PM,Kerala,3,0,0,0,3,19
9,07-02-2020,6:00 PM,Kerala,3,0,0,0,3,22
10,08-02-2020,6:00 PM,Kerala,3,0,0,0,3,25
11,09-02-2020,6:00 PM,Kerala,3,0,0,0,3,28
12,10-02-2020,6:00 PM,Kerala,3,0,0,0,3,31
13,11-02-2020,6:00 PM,Kerala,3,0,0,0,3,34
14,12-02-2020,6:00 PM,Kerala,3,0,0,0,3,37
15,13-02-2020,6:00 PM,Kerala,3,0,0,0,3,40
16,14-02-2020,6:00 PM,Kerala,3,0,0,0,3,43
17,15-02-2020,6:00 PM,Kerala,3,0,0,0,3,46
18,16-02-2020,6:00 PM,Kerala,3,0,0,0,3,49
19,17-02-2020,6:00 PM,Kerala,3,0,0,0,3,52
20,18-02-2020,6:00 PM,Kerala,3,0,0,0,3,55
21,19-02-2020,6:00 PM,Kerala,3,0,0,0,3,58
22,20-02-2020,6:00 PM,Kerala,3,0,0,0,3,61
23,21-02-2020,6:00 PM,Kerala,3,0,0,0,3,64
24,22-02-2020,6:00 PM,Kerala,3,0,0,0,3,67
25,23-02-2020,6:00 PM,Kerala,3,0,0,0,3,70
26,24-02-2020,6:00 PM,Kerala,3,0,0,0,3,73
27,25-02-2020,6:00 PM,Kerala,3,0,0,0,3,76
28,26-02-2020,6:00 PM,Kerala,3,0,0,0,3,79
29,27-02-2020,6:00 PM,Kerala,3,0,0,0,3,82
30,28-02-2020,6:00 PM,Kerala,3,0,0,0,3,85
31,29-02-2020,6:00 PM,Kerala,3,0,0,0,3,88
32,01-03-2020,6:00 PM,Kerala,3,0,0,0,3,91
33,02-03-2020,6:00 PM,Telengana,1,0,0,0,1,92
34,02-03-2020,6:00 PM,Kerala,3,0,0,0,3,95
35,02-03-2020,6:00 PM,Delhi,1,0,0,0,1,96
36,03-03-2020,6:00 PM,Telengana,1,0,0,0,1,97
37,03-03-2020,6:00 PM,Rajasthan,0,1,0,0,1,98
38,03-03-2020,6:00 PM,Kerala,3,0,3,0,3,101
39,03-03-2020,6:00 PM,Delhi,1,0,0,0,1,102
40,04-03-2020,6:00 PM,Uttar Pradesh,6,0,0,0,6,108
41,04-03-2020,6:00 PM,Kerala,3,0,3,0,3,111
42,04-03-2020,6:00 PM,Haryana,0,2,0,0,2,113
43,04-03-2020,6:00 PM,Delhi,1,0,0,0,1,114
44,04-03-2020,6:00 PM,Telengana,1,0,0,0,1,115
45,04-03-2020,6:00 PM,Rajasthan,1,14,0,0,15,130
46,05-03-2020,6:00 PM,Delhi,2,0,0,0,2,132
47,05-03-2020,6:00 PM,Haryana,0,2,0,0,2,134
48,05-03-2020,6:00 PM,Kerala,3,0,3,0,3,137
49,05-03-2020,6:00 PM,Rajasthan,1,14,0,0,15,152
50,05-03-2020,6:00 PM,Telengana,1,0,0,0,1,153
51,05-03-2020,6:00 PM,Uttar Pradesh,7,0,0,0,7,160
52,06-03-2020,6:00 PM,Delhi,3,0,0,0,3,163
53,06-03-2020,6:00 PM,Haryana,0,2,0,0,2,165
54,06-03-2020,6:00 PM,Kerala,3,0,3,0,3,168
55,06-03-2020,6:00 PM,Rajasthan,1,14,0,0,15,183
56,06-03-2020,6:00 PM,Uttar Pradesh,7,0,0,0,7,190
57,06-03-2020,6:00 PM,Telengana,1,0,0,0,1,191
58,07-03-2020,6:00 PM,Kerala,3,0,3,0,3,194
59,07-03-2020,6:00 PM,Uttar Pradesh,7,0,0,0,7,201
60,07-03-2020,6:00 PM,Ladakh,2,0,0,0,2,203
61,07-03-2020,6:00 PM,Telengana,1,0,0,0,1,204
62,07-03-2020,6:00 PM,Tamil Nadu,1,0,0,0,1,205
63,07-03-2020,6:00 PM,Delhi,3,0,0,0,3,208
64,07-03-2020,6:00 PM,Haryana,0,2,0,0,2,210
65,07-03-2020,6:00 PM,Rajasthan,1,14,0,0,15,225
66,08-03-2020,6:00 PM,Ladakh,2,0,0,0,2,227
67,08-03-2020,6:00 PM,Telengana,1,0,0,0,1,228
68,08-03-2020,6:00 PM,Tamil Nadu,1,0,0,0,1,229
69,08-03-2020,6:00 PM,Rajasthan,1,14,0,0,15,244
70,08-03-2020,6:00 PM,Kerala,8,0,3,0,8,252
71,08-03-2020,6:00 PM,Haryana,0,2,0,0,2,254
72,08-03-2020,6:00 PM,Delhi,3,0,0,0,3,257
73,08-03-2020,6:00 PM,Uttar Pradesh,7,0,0,0,7,264
74,09-03-2020,6:00 PM,Ladakh,2,0,0,0,2,266
75,09-03-2020,6:00 PM,Karnataka,1,0,0,0,1,267
76,09-03-2020,6:00 PM,Kerala,9,0,3,0,9,276
77,09-03-2020,6:00 PM,Maharashtra,2,0,0,0,2,278
78,09-03-2020,6:00 PM,Punjab,1,0,0,0,1,279
79,09-03-2020,6:00 PM,Rajasthan,1,14,0,0,15,294
80,09-03-2020,6:00 PM,Tamil Nadu,1,0,0,0,1,295
81,09-03-2020,6:00 PM,Telengana,1,0,0,0,1,296
82,09-03-2020,6:00 PM,Jammu and Kashmir,1,0,0,0,1,297
83,09-03-2020,6:00 PM,Uttar Pradesh,7,0,0,0,7,304
84,09-03-2020,6:00 PM,Haryana,0,2,0,0,2,306
85,09-03-2020,6:00 PM,Delhi,4,0,0,0,4,310
86,10-03-2020,6:00 PM,Uttar Pradesh,7,0,0,0,7,317
87,10-03-2020,6:00 PM,Ladakh,2,0,0,0,2,319
88,10-03-2020,6:00 PM,Delhi,4,0,0,0,4,323
89,10-03-2020,6:00 PM,Haryana,0,2,0,0,2,325
90,10-03-2020,6:00 PM,Karnataka,4,0,0,0,4,329
91,10-03-2020,6:00 PM,Kerala,15,0,3,0,15,344
92,10-03-2020,6:00 PM,Maharashtra,5,0,0,0,5,349
93,10-03-2020,6:00 PM,Punjab,1,0,0,0,1,350
94,10-03-2020,6:00 PM,Rajasthan,1,14,0,0,15,365
95,10-03-2020,6:00 PM,Tamil Nadu,1,0,0,0,1,366
96,10-03-2020,6:00 PM,Telengana,1,0,0,0,1,367
97,10-03-2020,6:00 PM,Jammu and Kashmir,1,0,0,0,1,368
98,11-03-2020,6:00 PM,Maharashtra,2,0,0,0,2,370
99,11-03-2020,6:00 PM,Delhi,5,0,0,0,5,375
100,11-03-2020,6:00 PM,Haryana,0,14,0,0,14,389
101,11-03-2020,6:00 PM,Kerala,17,0,3,0,17,406
102,11-03-2020,6:00 PM,Rajasthan,1,2,0,0,3,409
103,11-03-2020,6:00 PM,Telengana,1,0,0,0,1,410
104,11-03-2020,6:00 PM,Uttar Pradesh,9,0,0,0,9,419
105,11-03-2020,6:00 PM,Ladakh,2,0,0,0,2,421
106,11-03-2020,6:00 PM,Tamil Nadu,1,0,0,0,1,422
107,11-03-2020,6:00 PM,Jammu and Kashmir,1,0,0,0,1,423
108,11-03-2020,6:00 PM,Punjab,1,0,0,0,1,424
109,11-03-2020,6:00 PM,Karnataka,4,0,0,0,4,428
110,12-03-2020,6:00 PM,Delhi,6,0,0,0,6,434
111,12-03-2020,6:00 PM,Haryana,0,14,0,0,14,448
112,12-03-2020,6:00 PM,Kerala,17,0,3,0,17,465
113,12-03-2020,6:00 PM,Rajasthan,1,2,0,0,3,468
114,12-03-2020,6:00 PM,Telengana,1,0,0,0,1,469
115,12-03-2020,6:00 PM,Uttar Pradesh,10,1,0,0,11,480
116,12-03-2020,6:00 PM,Ladakh,3,0,0,0,3,483
117,12-03-2020,6:00 PM,Tamil Nadu,1,0,0,0,1,484
118,12-03-2020,6:00 PM,Jammu and Kashmir,1,0,0,0,1,485
119,12-03-2020,6:00 PM,Punjab,1,0,0,0,1,486
120,12-03-2020,6:00 PM,Karnataka,4,0,0,0,4,490
121,12-03-2020,6:00 PM,Maharashtra,11,0,0,0,11,501
122,12-03-2020,6:00 PM,Andhra Pradesh,1,0,0,0,1,502
123,13-03-2020,6:00 PM,Delhi,6,0,0,0,6,508
124,13-03-2020,6:00 PM,Haryana,0,14,0,0,14,522
125,13-03-2020,6:00 PM,Kerala,19,0,3,0,19,541
126,13-03-2020,6:00 PM,Rajasthan,1,2,0,0,3,544
127,13-03-2020,6:00 PM,Telengana,1,0,0,0,1,545
128,13-03-2020,6:00 PM,Uttar Pradesh,10,1,0,0,11,556
129,13-03-2020,6:00 PM,Ladakh,3,0,0,0,3,559
130,13-03-2020,6:00 PM,Tamil Nadu,1,0,0,0,1,560
131,13-03-2020,6:00 PM,Jammu and Kashmir,1,0,0,0,1,561
132,13-03-2020,6:00 PM,Punjab,1,0,0,0,1,562
133,13-03-2020,6:00 PM,Karnataka,6,0,0,1,6,568
134,13-03-2020,6:00 PM,Maharashtra,14,0,0,0,14,582
135,13-03-2020,6:00 PM,Andhra Pradesh,1,0,0,0,1,583
136,14-03-2020,6:00 PM,Delhi,7,0,1,1,7,590
137,14-03-2020,6:00 PM,Haryana,0,14,0,0,14,604
138,14-03-2020,6:00 PM,Kerala,19,0,3,0,19,623
139,14-03-2020,6:00 PM,Rajasthan,1,2,1,0,3,626
140,14-03-2020,6:00 PM,Telengana,1,0,0,0,1,627
141,14-03-2020,6:00 PM,Uttar Pradesh,11,1,5,0,12,639
142,14-03-2020,6:00 PM,Ladakh,3,0,0,0,3,642
143,14-03-2020,6:00 PM,Tamil Nadu,1,0,0,0,1,643
144,14-03-2020,6:00 PM,Jammu and Kashmir,2,0,0,0,2,645
145,14-03-2020,6:00 PM,Punjab,1,0,0,0,1,646
146,14-03-2020,6:00 PM,Karnataka,6,0,0,1,6,652
147,14-03-2020,6:00 PM,Maharashtra,14,0,0,0,14,666
148,14-03-2020,6:00 PM,Andhra Pradesh,1,0,0,0,1,667
149,15-03-2020,6:00 PM,Andhra Pradesh,1,0,0,0,1,668
150,15-03-2020,6:00 PM,Delhi,7,0,2,1,7,675
151,15-03-2020,6:00 PM,Haryana,0,14,0,0,14,689
152,15-03-2020,6:00 PM,Karnataka,6,0,0,1,6,695
153,15-03-2020,6:00 PM,Kerala,22,0,3,0,22,717
154,15-03-2020,6:00 PM,Maharashtra,32,0,0,0,32,749
155,15-03-2020,6:00 PM,Punjab,1,0,0,0,1,750
156,15-03-2020,6:00 PM,Rajasthan,2,2,3,0,4,754
157,15-03-2020,6:00 PM,Tamil Nadu,1,0,0,0,1,755
158,15-03-2020,6:00 PM,Telengana,3,0,1,0,3,758
159,15-03-2020,6:00 PM,Jammu and Kashmir,2,0,0,0,2,760
160,15-03-2020,6:00 PM,Ladakh,3,0,0,0,3,763
161,15-03-2020,6:00 PM,Uttar Pradesh,12,1,4,0,13,776
162,15-03-2020,6:00 PM,Uttarakhand,1,0,0,0,1,777
163,16-03-2020,6:00 PM,Andhra Pradesh,1,0,0,0,1,778
164,16-03-2020,6:00 PM,Delhi,7,0,2,1,7,785
165,16-03-2020,6:00 PM,Haryana,0,14,0,0,14,799
166,16-03-2020,6:00 PM,Karnataka,6,0,0,1,6,805
167,16-03-2020,6:00 PM,Kerala,23,0,3,0,23,828
168,16-03-2020,6:00 PM,Maharashtra,32,0,0,0,32,860
169,16-03-2020,6:00 PM,Odisha,1,0,0,0,1,861
170,16-03-2020,6:00 PM,Punjab,1,0,0,0,1,862
171,16-03-2020,6:00 PM,Rajasthan,2,2,3,0,4,866
172,16-03-2020,6:00 PM,Tamil Nadu,1,0,0,0,1,867
173,16-03-2020,6:00 PM,Telengana,3,0,1,0,3,870
174,16-03-2020,6:00 PM,Jammu and Kashmir,3,0,0,0,3,873
175,16-03-2020,6:00 PM,Ladakh,4,0,0,0,4,877
176,16-03-2020,6:00 PM,Uttar Pradesh,12,1,4,0,13,890
177,16-03-2020,6:00 PM,Uttarakhand,1,0,0,0,1,891
178,17-03-2020,6:00 PM,Andhra Pradesh,1,0,0,0,1,892
179,17-03-2020,6:00 PM,Delhi,8,0,2,1,8,900
180,17-03-2020,6:00 PM,Haryana,1,14,0,0,15,915
181,17-03-2020,6:00 PM,Karnataka,11,0,0,1,11,926
182,17-03-2020,6:00 PM,Kerala,24,2,3,0,26,952
183,17-03-2020,6:00 PM,Maharashtra,36,3,0,1,39,991
184,17-03-2020,6:00 PM,Odisha,1,0,0,0,1,992
185,17-03-2020,6:00 PM,Punjab,1,0,0,0,1,993
186,17-03-2020,6:00 PM,Rajasthan,2,2,3,0,4,997
187,17-03-2020,6:00 PM,Tamil Nadu,1,0,0,0,1,998
188,17-03-2020,6:00 PM,Telengana,3,2,1,0,5,1003
189,17-03-2020,6:00 PM,Jammu and Kashmir,3,0,0,0,3,1006
190,17-03-2020,6:00 PM,Ladakh,6,0,0,0,6,1012
191,17-03-2020,6:00 PM,Uttar Pradesh,14,1,5,0,15,1027
192,17-03-2020,6:00 PM,Uttarakhand,1,0,0,0,1,1028
193,18-03-2020,6:00 PM,Andhra Pradesh,1,0,0,0,1,1029
194,18-03-2020,6:00 PM,Delhi,9,1,2,1,10,1039
195,18-03-2020,6:00 PM,Haryana,3,14,0,0,17,1056
196,18-03-2020,6:00 PM,Karnataka,11,0,0,1,11,1067
197,18-03-2020,6:00 PM,Kerala,25,2,3,0,27,1094
198,18-03-2020,6:00 PM,Maharashtra,39,3,0,1,42,1136
199,18-03-2020,6:00 PM,Odisha,1,0,0,0,1,1137
200,18-03-2020,6:00 PM,Puducherry,1,0,0,0,1,1138
201,18-03-2020,6:00 PM,Punjab,1,0,0,0,1,1139
202,18-03-2020,6:00 PM,Rajasthan,2,2,3,0,4,1143
203,18-03-2020,6:00 PM,Tamil Nadu,1,0,0,0,1,1144
204,18-03-2020,6:00 PM,Telengana,4,2,1,0,6,1150
205,18-03-2020,6:00 PM,Jammu and Kashmir,3,0,0,0,3,1153
206,18-03-2020,6:00 PM,Ladakh,8,0,0,0,8,1161
207,18-03-2020,6:00 PM,Uttar Pradesh,15,1,5,0,16,1177
208,18-03-2020,6:00 PM,Uttarakhand,1,0,0,0,1,1178
209,18-03-2020,6:00 PM,West Bengal,1,0,0,0,1,1179
210,19-03-2020,6:00 PM,Andhra Pradesh,2,0,0,0,2,1181
211,19-03-2020,6:00 PM,Chhattisgarh,1,0,0,0,1,1182
212,19-03-2020,6:00 PM,Delhi,11,1,3,1,12,1194
213,19-03-2020,6:00 PM,Haryana,3,14,0,0,17,1211
214,19-03-2020,6:00 PM,Karnataka,14,0,0,1,14,1225
215,19-03-2020,6:00 PM,Kerala,25,2,3,0,27,1252
216,19-03-2020,6:00 PM,Maharashtra,44,3,0,1,47,1299
217,19-03-2020,6:00 PM,Odisha,1,0,0,0,1,1300
218,19-03-2020,6:00 PM,Puducherry,1,0,0,0,1,1301
219,19-03-2020,6:00 PM,Punjab,2,0,0,1,2,1303
220,19-03-2020,6:00 PM,Rajasthan,5,2,3,0,7,1310
221,19-03-2020,6:00 PM,Tamil Nadu,2,0,1,0,2,1312
222,19-03-2020,6:00 PM,Telengana,4,2,1,0,6,1318
223,19-03-2020,6:00 PM,Chandigarh,1,0,0,0,1,1319
224,19-03-2020,6:00 PM,Jammu and Kashmir,4,0,0,0,4,1323
225,19-03-2020,6:00 PM,Ladakh,8,0,0,0,8,1331
226,19-03-2020,6:00 PM,Uttar Pradesh,18,1,9,0,19,1350
227,19-03-2020,6:00 PM,Uttarakhand,1,0,0,0,1,1351
228,19-03-2020,6:00 PM,West Bengal,1,0,0,0,1,1352
229,20-03-2020,6:00 PM,Andhra Pradesh,3,0,0,0,3,1355
230,20-03-2020,6:00 PM,Chhattisgarh,1,0,0,0,1,1356
231,20-03-2020,6:00 PM,Delhi,16,1,5,1,17,1373
232,20-03-2020,6:00 PM,Gujarat,5,0,0,0,5,1378
233,20-03-2020,6:00 PM,Haryana,3,14,0,0,17,1395
234,20-03-2020,6:00 PM,Karnataka,15,0,1,1,15,1410
235,20-03-2020,6:00 PM,Kerala,26,2,3,0,28,1438
236,20-03-2020,6:00 PM,Maharashtra,49,3,0,1,52,1490
237,20-03-2020,6:00 PM,Odisha,2,0,0,0,2,1492
238,20-03-2020,6:00 PM,Puducherry,1,0,0,0,1,1493
239,20-03-2020,6:00 PM,Punjab,2,0,0,1,2,1495
240,20-03-2020,6:00 PM,Rajasthan,15,2,3,0,17,1512
241,20-03-2020,6:00 PM,Tamil Nadu,3,0,1,0,3,1515
242,20-03-2020,6:00 PM,Telengana,8,9,1,0,17,1532
243,20-03-2020,6:00 PM,Chandigarh,1,0,0,0,1,1533
244,20-03-2020,6:00 PM,Jammu and Kashmir,4,0,0,0,4,1537
245,20-03-2020,6:00 PM,Ladakh,10,0,0,0,10,1547
246,20-03-2020,6:00 PM,Uttar Pradesh,22,1,9,0,23,1570
247,20-03-2020,6:00 PM,Uttarakhand,3,0,0,0,3,1573
248,20-03-2020,6:00 PM,West Bengal,2,0,0,0,2,1575
249,21-03-2020,6:00 PM,Andhra Pradesh,3,0,0,0,3,1578
250,21-03-2020,6:00 PM,Chhattisgarh,1,0,0,0,1,1579
251,21-03-2020,6:00 PM,Delhi,25,1,5,1,26,1605
252,21-03-2020,6:00 PM,Gujarat,7,0,0,0,7,1612
253,21-03-2020,6:00 PM,Haryana,3,14,0,0,17,1629
254,21-03-2020,6:00 PM,Himachal Pradesh,2,0,0,0,2,1631
255,21-03-2020,6:00 PM,Karnataka,15,0,1,1,15,1646
256,21-03-2020,6:00 PM,Kerala,33,7,3,0,40,1686
257,21-03-2020,6:00 PM,Madhya Pradesh,4,0,0,0,4,1690
258,21-03-2020,6:00 PM,Maharashtra,60,3,0,1,63,1753
259,21-03-2020,6:00 PM,Odisha,2,0,0,0,2,1755
260,21-03-2020,6:00 PM,Puducherry,1,0,0,0,1,1756
261,21-03-2020,6:00 PM,Punjab,13,0,0,1,13,1769
262,21-03-2020,6:00 PM,Rajasthan,15,2,3,0,17,1786
263,21-03-2020,6:00 PM,Tamil Nadu,3,0,1,0,3,1789
264,21-03-2020,6:00 PM,Telengana,10,11,1,0,21,1810
265,21-03-2020,6:00 PM,Chandigarh,1,0,0,0,1,1811
266,21-03-2020,6:00 PM,Jammu and Kashmir,4,0,0,0,4,1815
267,21-03-2020,6:00 PM,Ladakh,13,0,0,0,13,1828
268,21-03-2020,6:00 PM,Uttar Pradesh,23,1,9,0,24,1852
269,21-03-2020,6:00 PM,Uttarakhand,3,0,0,0,3,1855
270,21-03-2020,6:00 PM,West Bengal,3,0,0,0,3,1858
271,22-03-2020,6:00 PM,Andhra Pradesh,5,0,0,0,5,1863
272,22-03-2020,6:00 PM,Bihar,2,0,0,1,2,1865
273,22-03-2020,6:00 PM,Chhattisgarh,1,0,0,0,1,1866
274,22-03-2020,6:00 PM,Delhi,28,1,5,1,29,1895
275,22-03-2020,6:00 PM,Gujarat,18,0,0,1,18,1913
276,22-03-2020,6:00 PM,Haryana,7,14,0,0,21,1934
277,22-03-2020,6:00 PM,Himachal Pradesh,2,0,0,0,2,1936
278,22-03-2020,6:00 PM,Karnataka,26,0,2,1,26,1962
279,22-03-2020,6:00 PM,Kerala,45,7,3,0,52,2014
280,22-03-2020,6:00 PM,Madhya Pradesh,4,0,0,0,4,2018
281,22-03-2020,6:00 PM,Maharashtra,64,3,0,2,67,2085
282,22-03-2020,6:00 PM,Odisha,2,0,0,0,2,2087
283,22-03-2020,6:00 PM,Puducherry,1,0,0,0,1,2088
284,22-03-2020,6:00 PM,Punjab,21,0,0,1,21,2109
285,22-03-2020,6:00 PM,Rajasthan,22,2,3,0,24,2133
286,22-03-2020,6:00 PM,Tamil Nadu,5,2,1,0,7,2140
287,22-03-2020,6:00 PM,Telengana,11,11,1,0,22,2162
288,22-03-2020,6:00 PM,Chandigarh,5,0,0,0,5,2167
289,22-03-2020,6:00 PM,Jammu and Kashmir,4,0,0,0,4,2171
290,22-03-2020,6:00 PM,Ladakh,13,0,0,0,13,2184
291,22-03-2020,6:00 PM,Uttar Pradesh,26,1,9,0,27,2211
292,22-03-2020,6:00 PM,Uttarakhand,3,0,0,0,3,2214
293,22-03-2020,6:00 PM,West Bengal,4,0,0,0,4,2218
294,23-03-2020,6:00 PM,Andhra Pradesh,7,0,0,0,7,2225
295,23-03-2020,6:00 PM,Bihar,2,0,0,1,2,2227
296,23-03-2020,6:00 PM,Chhattisgarh,1,0,0,0,1,2228
297,23-03-2020,6:00 PM,Delhi,28,1,5,1,29,2257
298,23-03-2020,6:00 PM,Gujarat,29,0,0,1,29,2286
299,23-03-2020,6:00 PM,Haryana,12,14,0,0,26,2312
300,23-03-2020,6:00 PM,Himachal Pradesh,2,0,0,0,2,2314
301,23-03-2020,6:00 PM,Karnataka,33,0,2,1,33,2347
302,23-03-2020,6:00 PM,Kerala,60,7,3,0,67,2414
303,23-03-2020,6:00 PM,Madhya Pradesh,6,0,0,0,6,2420
304,23-03-2020,6:00 PM,Maharashtra,71,3,0,2,74,2494
305,23-03-2020,6:00 PM,Odisha,2,0,0,0,2,2496
306,23-03-2020,6:00 PM,Puducherry,1,0,0,0,1,2497
307,23-03-2020,6:00 PM,Punjab,21,0,0,1,21,2518
308,23-03-2020,6:00 PM,Rajasthan,26,2,3,0,28,2546
309,23-03-2020,6:00 PM,Tamil Nadu,7,2,1,0,9,2555
310,23-03-2020,6:00 PM,Telengana,22,10,1,0,32,2587
311,23-03-2020,6:00 PM,Chandigarh,6,0,0,0,6,2593
312,23-03-2020,6:00 PM,Jammu and Kashmir,4,0,0,0,4,2597
313,23-03-2020,6:00 PM,Ladakh,13,0,0,0,13,2610
314,23-03-2020,6:00 PM,Uttar Pradesh,30,1,9,0,31,2641
315,23-03-2020,6:00 PM,Uttarakhand,3,0,0,0,3,2644
316,23-03-2020,6:00 PM,West Bengal,7,0,0,0,7,2651
317,24-03-2020,6:00 PM,Andhra Pradesh,8,0,0,0,8,2659
318,24-03-2020,6:00 PM,Bihar,3,0,0,1,3,2662
319,24-03-2020,6:00 PM,Chhattisgarh,1,0,0,0,1,2663
320,24-03-2020,6:00 PM,Delhi,29,1,6,1,30,2693
321,24-03-2020,6:00 PM,Gujarat,32,1,0,1,33,2726
322,24-03-2020,6:00 PM,Haryana,14,14,11,0,28,2754
323,24-03-2020,6:00 PM,Himachal Pradesh,3,0,0,1,3,2757
324,24-03-2020,6:00 PM,Karnataka,37,0,3,1,37,2794
325,24-03-2020,6:00 PM,Kerala,87,8,4,0,95,2889
326,24-03-2020,6:00 PM,Madhya Pradesh,7,0,0,0,7,2896
327,24-03-2020,6:00 PM,Maharashtra,86,3,0,2,89,2985
328,24-03-2020,6:00 PM,Manipur,1,0,0,0,1,2986
329,24-03-2020,6:00 PM,Odisha,2,0,0,0,2,2988
330,24-03-2020,6:00 PM,Puducherry,1,0,0,0,1,2989
331,24-03-2020,6:00 PM,Punjab,29,0,0,1,29,3018
332,24-03-2020,6:00 PM,Rajasthan,30,2,3,0,32,3050
333,24-03-2020,6:00 PM,Tamil Nadu,13,2,1,0,15,3065
334,24-03-2020,6:00 PM,Telengana,25,10,1,0,35,3100
335,24-03-2020,6:00 PM,Chandigarh,7,0,0,0,7,3107
336,24-03-2020,6:00 PM,Jammu and Kashmir,4,0,0,0,4,3111
337,24-03-2020,6:00 PM,Ladakh,13,0,0,0,13,3124
338,24-03-2020,6:00 PM,Uttar Pradesh,32,1,11,0,33,3157
339,24-03-2020,6:00 PM,Uttarakhand,3,1,0,0,4,3161
340,24-03-2020,6:00 PM,West Bengal,9,0,0,1,9,3170
341,25-03-2020,6:00 PM,Andhra Pradesh,9,0,1,0,9,3179
342,25-03-2020,6:00 PM,Bihar,4,0,0,1,4,3183
343,25-03-2020,6:00 PM,Chhattisgarh,1,0,0,0,1,3184
344,25-03-2020,6:00 PM,Delhi,30,1,6,1,31,3215
345,25-03-2020,6:00 PM,Gujarat,37,1,0,1,38,3253
346,25-03-2020,6:00 PM,Haryana,14,14,11,0,28,3281
347,25-03-2020,6:00 PM,Himachal Pradesh,3,0,0,1,3,3284
348,25-03-2020,6:00 PM,Karnataka,41,0,3,1,41,3325
349,25-03-2020,6:00 PM,Kerala,101,8,4,0,109,3434
350,25-03-2020,6:00 PM,Madhya Pradesh,14,0,0,0,14,3448
351,25-03-2020,6:00 PM,Maharashtra,125,3,1,3,128,3576
352,25-03-2020,6:00 PM,Manipur,1,0,0,0,1,3577
353,25-03-2020,6:00 PM,Mizoram,1,0,0,0,1,3578
354,25-03-2020,6:00 PM,Odisha,2,0,0,0,2,3580
355,25-03-2020,6:00 PM,Puducherry,1,0,0,0,1,3581
356,25-03-2020,6:00 PM,Punjab,29,0,0,1,29,3610
357,25-03-2020,6:00 PM,Rajasthan,34,2,3,0,36,3646
358,25-03-2020,6:00 PM,Tamil Nadu,16,2,1,0,18,3664
359,25-03-2020,6:00 PM,Telengana,25,10,1,0,35,3699
360,25-03-2020,6:00 PM,Chandigarh,7,0,0,0,7,3706
361,25-03-2020,6:00 PM,Jammu and Kashmir,7,0,1,0,7,3713
362,25-03-2020,6:00 PM,Ladakh,13,0,0,0,13,3726
363,25-03-2020,6:00 PM,Uttar Pradesh,36,1,11,0,37,3763
364,25-03-2020,6:00 PM,Uttarakhand,3,1,0,0,4,3767
365,25-03-2020,6:00 PM,West Bengal,9,0,0,1,9,3776
366,26-03-2020,6:00 PM,Andaman and Nicobar Islands,1,0,0,0,1,3777
367,26-03-2020,6:00 PM,Andhra Pradesh,11,0,1,0,11,3788
368,26-03-2020,6:00 PM,Bihar,6,0,0,1,6,3794
369,26-03-2020,6:00 PM,Chandigarh,7,0,0,0,7,3801
370,26-03-2020,6:00 PM,Chhattisgarh,6,0,0,0,6,3807
371,26-03-2020,6:00 PM,Delhi,35,1,6,1,36,3843
372,26-03-2020,6:00 PM,Goa,3,0,0,0,3,3846
373,26-03-2020,6:00 PM,Gujarat,42,1,0,3,43,3889
374,26-03-2020,6:00 PM,Haryana,16,14,11,0,30,3919
375,26-03-2020,6:00 PM,Himachal Pradesh,3,0,0,1,3,3922
376,26-03-2020,6:00 PM,Jammu and Kashmir,13,0,1,0,13,3935
377,26-03-2020,6:00 PM,Karnataka,55,0,3,2,55,3990
378,26-03-2020,6:00 PM,Kerala,110,8,6,0,118,4108
379,26-03-2020,6:00 PM,Ladakh,13,0,0,0,13,4121
380,26-03-2020,6:00 PM,Madhya Pradesh,20,0,0,1,20,4141
381,26-03-2020,6:00 PM,Maharashtra,121,3,1,3,124,4265
382,26-03-2020,6:00 PM,Manipur,1,0,0,0,1,4266
383,26-03-2020,6:00 PM,Mizoram,1,0,0,0,1,4267
384,26-03-2020,6:00 PM,Odisha,2,0,0,0,2,4269
385,26-03-2020,6:00 PM,Puducherry,1,0,0,0,1,4270
386,26-03-2020,6:00 PM,Punjab,33,0,0,1,33,4303
387,26-03-2020,6:00 PM,Rajasthan,39,2,3,0,41,4344
388,26-03-2020,6:00 PM,Tamil Nadu,20,6,1,1,26,4370
389,26-03-2020,6:00 PM,Telengana,34,10,1,0,44,4414
390,26-03-2020,6:00 PM,Uttarakhand,4,1,0,0,5,4419
391,26-03-2020,6:00 PM,Uttar Pradesh,40,1,11,0,41,4460
392,26-03-2020,6:00 PM,West Bengal,10,0,0,1,10,4470
393,27-03-2020,10:00 AM,Andaman and Nicobar Islands,1,0,0,0,1,4471
394,27-03-2020,10:00 AM,Andhra Pradesh,12,0,1,0,12,4483
395,27-03-2020,10:00 AM,Bihar,6,0,0,1,6,4489
396,27-03-2020,10:00 AM,Chandigarh,7,0,0,0,7,4496
397,27-03-2020,10:00 AM,Chhattisgarh,6,0,0,0,6,4502
398,27-03-2020,10:00 AM,Delhi,35,1,6,1,36,4538
399,27-03-2020,10:00 AM,Goa,3,0,0,0,3,4541
400,27-03-2020,10:00 AM,Gujarat,42,1,0,3,43,4584
401,27-03-2020,10:00 AM,Haryana,16,14,11,0,30,4614
402,27-03-2020,10:00 AM,Himachal Pradesh,3,0,0,1,3,4617
403,27-03-2020,10:00 AM,Jammu and Kashmir,13,0,1,1,13,4630
404,27-03-2020,10:00 AM,Karnataka,55,0,3,2,55,4685
405,27-03-2020,10:00 AM,Kerala,129,8,11,0,137,4822
406,27-03-2020,10:00 AM,Ladakh,13,0,3,0,13,4835
407,27-03-2020,10:00 AM,Madhya Pradesh,20,0,0,1,20,4855
408,27-03-2020,10:00 AM,Maharashtra,127,3,15,4,130,4985
409,27-03-2020,10:00 AM,Manipur,1,0,0,0,1,4986
410,27-03-2020,10:00 AM,Mizoram,1,0,0,0,1,4987
411,27-03-2020,10:00 AM,Odisha,2,0,0,0,2,4989
412,27-03-2020,10:00 AM,Puducherry,1,0,0,0,1,4990
413,27-03-2020,10:00 AM,Punjab,33,0,0,1,33,5023
414,27-03-2020,10:00 AM,Rajasthan,39,2,3,0,41,5064
415,27-03-2020,10:00 AM,Tamil Nadu,23,6,1,1,29,5093
416,27-03-2020,10:00 AM,Telengana,35,10,1,0,45,5138
417,27-03-2020,10:00 AM,Uttarakhand,4,1,0,0,5,5143
418,27-03-2020,10:00 AM,Uttar Pradesh,40,1,11,0,41,5184
419,27-03-2020,10:00 AM,West Bengal,10,0,0,1,10,5194
420,28-03-2020,6:00 PM,Andhra Pradesh,14,0,1,0,14,5208
421,28-03-2020,6:00 PM,Andaman and Nicobar Islands,6,0,0,0,6,5214
422,28-03-2020,6:00 PM,Bihar,9,0,0,1,9,5223
423,28-03-2020,6:00 PM,Chandigarh,8,0,0,0,8,5231
424,28-03-2020,6:00 PM,Chhattisgarh,6,0,0,0,6,5237
425,28-03-2020,6:00 PM,Delhi,38,1,6,1,39,5276
426,28-03-2020,6:00 PM,Goa,3,0,0,0,3,5279
427,28-03-2020,6:00 PM,Gujarat,44,1,0,3,45,5324
428,28-03-2020,6:00 PM,Haryana,19,14,12,0,33,5357
429,28-03-2020,6:00 PM,Himachal Pradesh,3,0,0,1,3,5360
430,28-03-2020,6:00 PM,Jammu and Kashmir,20,0,1,1,20,5380
431,28-03-2020,6:00 PM,Karnataka,55,0,3,2,55,5435
432,28-03-2020,6:00 PM,Kerala,168,8,11,0,176,5611
433,28-03-2020,6:00 PM,Ladakh,13,0,3,0,13,5624
434,28-03-2020,6:00 PM,Madhya Pradesh,30,0,0,2,30,5654
435,28-03-2020,6:00 PM,Maharashtra,177,3,25,5,180,5834
436,28-03-2020,6:00 PM,Manipur,1,0,0,0,1,5835
437,28-03-2020,6:00 PM,Mizoram,1,0,0,0,1,5836
438,28-03-2020,6:00 PM,Odisha,3,0,0,0,3,5839
439,28-03-2020,6:00 PM,Puducherry,1,0,0,0,1,5840
440,28-03-2020,6:00 PM,Punjab,38,0,1,1,38,5878
441,28-03-2020,6:00 PM,Rajasthan,52,2,3,0,54,5932
442,28-03-2020,6:00 PM,Tamil Nadu,34,6,2,1,40,5972
443,28-03-2020,6:00 PM,Telengana,46,10,1,0,56,6028
444,28-03-2020,6:00 PM,Uttarakhand,4,1,0,0,5,6033
445,28-03-2020,6:00 PM,Uttar Pradesh,54,1,11,0,55,6088
446,28-03-2020,6:00 PM,West Bengal,15,0,0,1,15,6103
447,29-03-2020,7:30 PM,Andhra Pradesh,-,-,1,0,19,6122
448,29-03-2020,7:30 PM,Andaman and Nicobar Islands,-,-,0,0,9,6131
449,29-03-2020,7:30 PM,Bihar,-,-,0,1,11,6142
450,29-03-2020,7:30 PM,Chandigarh,-,-,0,0,8,6150
451,29-03-2020,7:30 PM,Chhattisgarh,-,-,0,0,7,6157
452,29-03-2020,7:30 PM,Delhi,-,-,6,2,49,6206
453,29-03-2020,7:30 PM,Goa,-,-,0,0,5,6211
454,29-03-2020,7:30 PM,Gujarat,-,-,1,5,58,6269
455,29-03-2020,7:30 PM,Haryana,-,-,17,0,33,6302
456,29-03-2020,7:30 PM,Himachal Pradesh,-,-,0,1,3,6305
457,29-03-2020,7:30 PM,Jammu and Kashmir,-,-,1,2,31,6336
458,29-03-2020,7:30 PM,Karnataka,-,-,5,3,76,6412
459,29-03-2020,7:30 PM,Kerala,-,-,15,1,182,6594
460,29-03-2020,7:30 PM,Ladakh,-,-,3,0,13,6607
461,29-03-2020,7:30 PM,Madhya Pradesh,-,-,0,2,30,6637
462,29-03-2020,7:30 PM,Maharashtra,-,-,25,6,186,6823
463,29-03-2020,7:30 PM,Manipur,-,-,0,0,1,6824
464,29-03-2020,7:30 PM,Mizoram,-,-,0,0,1,6825
465,29-03-2020,7:30 PM,Odisha,-,-,0,0,3,6828
466,29-03-2020,7:30 PM,Puducherry,-,-,0,0,1,6829
467,29-03-2020,7:30 PM,Punjab,-,-,1,1,38,6867
468,29-03-2020,7:30 PM,Rajasthan,-,-,3,0,55,6922
469,29-03-2020,7:30 PM,Tamil Nadu,-,-,4,1,49,6971
470,29-03-2020,7:30 PM,Telengana,-,-,1,1,66,7037
471,29-03-2020,7:30 PM,Uttarakhand,-,-,2,0,7,7044
472,29-03-2020,7:30 PM,Uttar Pradesh,-,-,11,0,65,7109
473,29-03-2020,7:30 PM,West Bengal,-,-,0,1,18,7127
474,30-03-2020,9:30 PM,Andhra Pradesh,-,-,1,0,23,7150
475,30-03-2020,9:30 PM,Andaman and Nicobar Islands,-,-,0,0,9,7159
476,30-03-2020,9:30 PM,Bihar,-,-,0,1,15,7174
477,30-03-2020,9:30 PM,Chandigarh,-,-,0,0,8,7182
478,30-03-2020,9:30 PM,Chhattisgarh,-,-,0,0,7,7189
479,30-03-2020,9:30 PM,Delhi,-,-,6,2,87,7276
480,30-03-2020,9:30 PM,Goa,-,-,0,0,5,7281
481,30-03-2020,9:30 PM,Gujarat,-,-,1,6,69,7350
482,30-03-2020,9:30 PM,Haryana,-,-,18,0,36,7386
483,30-03-2020,9:30 PM,Himachal Pradesh,-,-,0,1,3,7389
484,30-03-2020,9:30 PM,Jammu and Kashmir,-,-,2,2,48,7437
485,30-03-2020,9:30 PM,Karnataka,-,-,5,3,83,7520
486,30-03-2020,9:30 PM,Kerala,-,-,19,1,202,7722
487,30-03-2020,9:30 PM,Ladakh,-,-,3,0,13,7735
488,30-03-2020,9:30 PM,Madhya Pradesh,-,-,0,3,47,7782
489,30-03-2020,9:30 PM,Maharashtra,-,-,25,8,198,7980
490,30-03-2020,9:30 PM,Manipur,-,-,0,0,1,7981
491,30-03-2020,9:30 PM,Mizoram,-,-,0,0,1,7982
492,30-03-2020,9:30 PM,Odisha,-,-,0,0,3,7985
493,30-03-2020,9:30 PM,Puducherry,-,-,0,0,1,7986
494,30-03-2020,9:30 PM,Punjab,-,-,1,1,38,8024
495,30-03-2020,9:30 PM,Rajasthan,-,-,3,0,59,8083
496,30-03-2020,9:30 PM,Tamil Nadu,-,-,4,1,67,8150
497,30-03-2020,9:30 PM,Telengana,-,-,1,1,71,8221
498,30-03-2020,9:30 PM,Uttarakhand,-,-,2,0,7,8228
499,30-03-2020,9:30 PM,Uttar Pradesh,-,-,11,0,82,8310
500,30-03-2020,9:30 PM,West Bengal,-,-,0,1,22,8332
501,30-03-2020,9:30 PM,Unassigned,-,-,0,0,46,8378
502,31-03-2020,8:30 PM,Andhra Pradesh,-,-,1,0,40,8418
503,31-03-2020,8:30 PM,Andaman and Nicobar Islands,-,-,0,0,10,8428
504,31-03-2020,8:30 PM,Bihar,-,-,0,1,15,8443
505,31-03-2020,8:30 PM,Chandigarh,-,-,0,0,13,8456
506,31-03-2020,8:30 PM,Chhattisgarh,-,-,0,0,8,8464
507,31-03-2020,8:30 PM,Delhi,-,-,6,2,97,8561
508,31-03-2020,8:30 PM,Goa,-,-,0,0,5,8566
509,31-03-2020,8:30 PM,Gujarat,-,-,3,6,73,8639
510,31-03-2020,8:30 PM,Haryana,-,-,21,0,40,8679
511,31-03-2020,8:30 PM,Himachal Pradesh,-,-,0,1,3,8682
512,31-03-2020,8:30 PM,Jammu and Kashmir,-,-,2,2,54,8736
513,31-03-2020,8:30 PM,Karnataka,-,-,5,3,83,8819
514,31-03-2020,8:30 PM,Kerala,-,-,19,1,234,9053
515,31-03-2020,8:30 PM,Ladakh,-,-,3,0,13,9066
516,31-03-2020,8:30 PM,Madhya Pradesh,-,-,0,3,47,9113
517,31-03-2020,8:30 PM,Maharashtra,-,-,39,9,216,9329
518,31-03-2020,8:30 PM,Manipur,-,-,0,0,1,9330
519,31-03-2020,8:30 PM,Mizoram,-,-,0,0,1,9331
520,31-03-2020,8:30 PM,Odisha,-,-,0,0,3,9334
521,31-03-2020,8:30 PM,Puducherry,-,-,0,0,1,9335
522,31-03-2020,8:30 PM,Punjab,-,-,1,3,41,9376
523,31-03-2020,8:30 PM,Rajasthan,-,-,3,0,74,9450
524,31-03-2020,8:30 PM,Tamil Nadu,-,-,4,1,74,9524
525,31-03-2020,8:30 PM,Telengana,-,-,1,1,79,9603
526,31-03-2020,8:30 PM,Uttarakhand,-,-,2,0,7,9610
527,31-03-2020,8:30 PM,Uttar Pradesh,-,-,14,0,101,9711
528,31-03-2020,8:30 PM,West Bengal,-,-,0,2,26,9737
529,31-03-2020,8:30 PM,Unassigned,-,-,0,0,38,9775
530,01-04-2020,7:30 PM,Andhra Pradesh,-,-,1,0,83,9858
531,01-04-2020,7:30 PM,Andaman and Nicobar Islands,-,-,0,0,10,9868
532,01-04-2020,7:30 PM,Assam,-,-,0,0,1,9869
533,01-04-2020,7:30 PM,Bihar,-,-,0,1,23,9892
534,01-04-2020,7:30 PM,Chandigarh,-,-,0,0,16,9908
535,01-04-2020,7:30 PM,Chhattisgarh,-,-,2,0,9,9917
536,01-04-2020,7:30 PM,Delhi,-,-,6,2,152,10069
537,01-04-2020,7:30 PM,Goa,-,-,0,0,5,10074
538,01-04-2020,7:30 PM,Gujarat,-,-,5,6,82,10156
539,01-04-2020,7:30 PM,Haryana,-,-,21,0,43,10199
540,01-04-2020,7:30 PM,Himachal Pradesh,-,-,0,1,3,10202
541,01-04-2020,7:30 PM,Jammu and Kashmir,-,-,2,2,62,10264
542,01-04-2020,7:30 PM,Jharkhand,-,-,0,0,1,10265
543,01-04-2020,7:30 PM,Karnataka,-,-,8,3,101,10366
544,01-04-2020,7:30 PM,Kerala,-,-,23,2,241,10607
545,01-04-2020,7:30 PM,Ladakh,-,-,3,0,13,10620
546,01-04-2020,7:30 PM,Madhya Pradesh,-,-,0,3,66,10686
547,01-04-2020,7:30 PM,Maharashtra,-,-,39,9,302,10988
548,01-04-2020,7:30 PM,Manipur,-,-,0,0,1,10989
549,01-04-2020,7:30 PM,Mizoram,-,-,0,0,1,10990
550,01-04-2020,7:30 PM,Odisha,-,-,0,0,4,10994
551,01-04-2020,7:30 PM,Puducherry,-,-,1,0,3,10997
552,01-04-2020,7:30 PM,Punjab,-,-,1,3,42,11039
553,01-04-2020,7:30 PM,Rajasthan,-,-,3,0,93,11132
554,01-04-2020,7:30 PM,Tamil Nadu,-,-,6,1,234,11366
555,01-04-2020,7:30 PM,Telengana,-,-,1,3,96,11462
556,01-04-2020,7:30 PM,Uttarakhand,-,-,2,0,7,11469
557,01-04-2020,7:30 PM,Uttar Pradesh,-,-,14,2,103,11572
558,01-04-2020,7:30 PM,West Bengal,-,-,6,3,37,11609
559,02-04-2020,6:00 PM,Andhra Pradesh,-,-,1,1,86,11695
560,02-04-2020,6:00 PM,Andaman and Nicobar Islands,-,-,0,0,10,11705
561,02-04-2020,6:00 PM,Assam,-,-,0,0,5,11710
562,02-04-2020,6:00 PM,Bihar,-,-,0,1,24,11734
563,02-04-2020,6:00 PM,Chandigarh,-,-,0,0,16,11750
564,02-04-2020,6:00 PM,Chhattisgarh,-,-,2,0,9,11759
565,02-04-2020,6:00 PM,Delhi,-,-,8,4,219,11978
566,02-04-2020,6:00 PM,Goa,-,-,0,0,5,11983
567,02-04-2020,6:00 PM,Gujarat,-,-,8,7,87,12070
568,02-04-2020,6:00 PM,Haryana,-,-,21,0,43,12113
569,02-04-2020,6:00 PM,Himachal Pradesh,-,-,1,1,3,12116
570,02-04-2020,6:00 PM,Jammu and Kashmir,-,-,2,2,62,12178
571,02-04-2020,6:00 PM,Jharkhand,-,-,0,0,1,12179
572,02-04-2020,6:00 PM,Karnataka,-,-,9,3,110,12289
573,02-04-2020,6:00 PM,Kerala,-,-,25,2,265,12554
574,02-04-2020,6:00 PM,Ladakh,-,-,3,0,13,12567
575,02-04-2020,6:00 PM,Madhya Pradesh,-,-,0,6,99,12666
576,02-04-2020,6:00 PM,Maharashtra,-,-,42,13,335,13001
577,02-04-2020,6:00 PM,Manipur,-,-,0,0,1,13002
578,02-04-2020,6:00 PM,Mizoram,-,-,0,0,1,13003
579,02-04-2020,6:00 PM,Odisha,-,-,0,0,4,13007
580,02-04-2020,6:00 PM,Puducherry,-,-,1,0,3,13010
581,02-04-2020,6:00 PM,Punjab,-,-,1,4,46,13056
582,02-04-2020,6:00 PM,Rajasthan,-,-,3,0,108,13164
583,02-04-2020,6:00 PM,Tamil Nadu,-,-,6,1,234,13398
584,02-04-2020,6:00 PM,Telengana,-,-,1,3,107,13505
585,02-04-2020,6:00 PM,Uttarakhand,-,-,2,0,7,13512
586,02-04-2020,6:00 PM,Uttar Pradesh,-,-,14,2,113,13625
587,02-04-2020,6:00 PM,West Bengal,-,-,6,3,53,13678
588,03-04-2020,6:00 PM,Andhra Pradesh,-,-,1,1,132,13810
589,03-04-2020,6:00 PM,Andaman and Nicobar Islands,-,-,0,0,10,13820
590,03-04-2020,6:00 PM,Arunachal Pradesh,-,-,0,0,1,13821
591,03-04-2020,6:00 PM,Assam,-,-,0,0,16,13837
592,03-04-2020,6:00 PM,Bihar,-,-,0,1,29,13866
593,03-04-2020,6:00 PM,Chandigarh,-,-,0,0,18,13884
594,03-04-2020,6:00 PM,Chhattisgarh,-,-,3,0,9,13893
595,03-04-2020,6:00 PM,Delhi,-,-,8,4,219,14112
596,03-04-2020,6:00 PM,Goa,-,-,0,0,6,14118
597,03-04-2020,6:00 PM,Gujarat,-,-,10,8,95,14213
598,03-04-2020,6:00 PM,Haryana,-,-,24,0,49,14262
599,03-04-2020,6:00 PM,Himachal Pradesh,-,-,1,1,6,14268
600,03-04-2020,6:00 PM,Jammu and Kashmir,-,-,3,2,75,14343
601,03-04-2020,6:00 PM,Jharkhand,-,-,0,0,2,14345
602,03-04-2020,6:00 PM,Karnataka,-,-,10,3,124,14469
603,03-04-2020,6:00 PM,Kerala,-,-,27,2,286,14755
604,03-04-2020,6:00 PM,Ladakh,-,-,3,0,14,14769
605,03-04-2020,6:00 PM,Madhya Pradesh,-,-,0,6,104,14873
606,03-04-2020,6:00 PM,Maharashtra,-,-,42,16,335,15208
607,03-04-2020,6:00 PM,Manipur,-,-,0,0,2,15210
608,03-04-2020,6:00 PM,Mizoram,-,-,0,0,1,15211
609,03-04-2020,6:00 PM,Odisha,-,-,0,0,5,15216
610,03-04-2020,6:00 PM,Puducherry,-,-,1,0,5,15221
611,03-04-2020,6:00 PM,Punjab,-,-,1,5,48,15269
612,03-04-2020,6:00 PM,Rajasthan,-,-,3,0,167,15436
613,03-04-2020,6:00 PM,Tamil Nadu,-,-,6,1,309,15745
614,03-04-2020,6:00 PM,Telengana,-,-,1,7,158,15903
615,03-04-2020,6:00 PM,Uttarakhand,-,-,2,0,10,15913
616,03-04-2020,6:00 PM,Uttar Pradesh,-,-,14,2,172,16085
617,03-04-2020,6:00 PM,West Bengal,-,-,3,3,63,16148
618,03-04-2020,6:00 PM,Unassigned,-,-,0,0,77,16225
619,04-04-2020,6:00 PM,Andhra Pradesh,-,-,1,1,161,16386
620,04-04-2020,6:00 PM,Andaman and Nicobar Islands,-,-,0,0,10,16396
621,04-04-2020,6:00 PM,Arunachal Pradesh,-,-,0,0,1,16397
622,04-04-2020,6:00 PM,Assam,-,-,0,0,24,16421
623,04-04-2020,6:00 PM,Bihar,-,-,0,1,30,16451
624,04-04-2020,6:00 PM,Chandigarh,-,-,0,0,18,16469
625,04-04-2020,6:00 PM,Chhattisgarh,-,-,3,0,9,16478
626,04-04-2020,6:00 PM,Delhi,-,-,15,6,445,16923
627,04-04-2020,6:00 PM,Goa,-,-,0,0,7,16930
628,04-04-2020,6:00 PM,Gujarat,-,-,14,10,105,17035
629,04-04-2020,6:00 PM,Haryana,-,-,24,0,49,17084
630,04-04-2020,6:00 PM,Himachal Pradesh,-,-,1,1,6,17090
631,04-04-2020,6:00 PM,Jammu and Kashmir,-,-,3,2,75,17165
632,04-04-2020,6:00 PM,Jharkhand,-,-,0,0,2,17167
633,04-04-2020,6:00 PM,Karnataka,-,-,12,3,128,17295
634,04-04-2020,6:00 PM,Kerala,-,-,41,2,295,17590
635,04-04-2020,6:00 PM,Ladakh,-,-,3,0,14,17604
636,04-04-2020,6:00 PM,Madhya Pradesh,-,-,0,6,104,17708
637,04-04-2020,6:00 PM,Maharashtra,-,-,42,24,490,18198
638,04-04-2020,6:00 PM,Manipur,-,-,0,0,2,18200
639,04-04-2020,6:00 PM,Mizoram,-,-,0,0,1,18201
640,04-04-2020,6:00 PM,Odisha,-,-,0,0,5,18206
641,04-04-2020,6:00 PM,Puducherry,-,-,1,0,5,18211
642,04-04-2020,6:00 PM,Punjab,-,-,1,5,57,18268
643,04-04-2020,6:00 PM,Rajasthan,-,-,21,0,200,18468
644,04-04-2020,6:00 PM,Tamil Nadu,-,-,6,2,411,18879
645,04-04-2020,6:00 PM,Telengana,-,-,1,7,159,19038
646,04-04-2020,6:00 PM,Uttarakhand,-,-,2,0,16,19054
647,04-04-2020,6:00 PM,Uttar Pradesh,-,-,19,2,174,19228
648,04-04-2020,6:00 PM,West Bengal,-,-,3,3,69,19297
649,05-04-2020,6:00 PM,Andhra Pradesh,-,-,1,1,190,19487
650,05-04-2020,6:00 PM,Andaman and Nicobar Islands,-,-,0,0,10,19497
651,05-04-2020,6:00 PM,Arunachal Pradesh,-,-,0,0,1,19498
652,05-04-2020,6:00 PM,Assam,-,-,0,0,26,19524
653,05-04-2020,6:00 PM,Bihar,-,-,0,1,30,19554
654,05-04-2020,6:00 PM,Chandigarh,-,-,0,0,18,19572
655,05-04-2020,6:00 PM,Chhattisgarh,-,-,3,0,9,19581
656,05-04-2020,6:00 PM,Delhi,-,-,18,7,503,20084
657,05-04-2020,6:00 PM,Goa,-,-,0,0,7,20091
658,05-04-2020,6:00 PM,Gujarat,-,-,18,11,122,20213
659,05-04-2020,6:00 PM,Haryana,-,-,25,1,59,20272
660,05-04-2020,6:00 PM,Himachal Pradesh,-,-,1,1,6,20278
661,05-04-2020,6:00 PM,Jammu and Kashmir,-,-,4,2,106,20384
662,05-04-2020,6:00 PM,Jharkhand,-,-,0,0,3,20387
663,05-04-2020,6:00 PM,Karnataka,-,-,12,4,144,20531
664,05-04-2020,6:00 PM,Kerala,-,-,49,2,306,20837
665,05-04-2020,6:00 PM,Ladakh,-,-,10,0,14,20851
666,05-04-2020,6:00 PM,Madhya Pradesh,-,-,0,9,165,21016
667,05-04-2020,6:00 PM,Maharashtra,-,-,42,24,490,21506
668,05-04-2020,6:00 PM,Manipur,-,-,0,0,2,21508
669,05-04-2020,6:00 PM,Mizoram,-,-,0,0,1,21509
670,05-04-2020,6:00 PM,Odisha,-,-,0,0,20,21529
671,05-04-2020,6:00 PM,Puducherry,-,-,1,0,5,21534
672,05-04-2020,6:00 PM,Punjab,-,-,1,5,57,21591
673,05-04-2020,6:00 PM,Rajasthan,-,-,21,0,200,21791
674,05-04-2020,6:00 PM,Tamil Nadu,-,-,6,3,485,22276
675,05-04-2020,6:00 PM,Telengana,-,-,32,7,269,22545
676,05-04-2020,6:00 PM,Uttarakhand,-,-,2,0,22,22567
677,05-04-2020,6:00 PM,Uttar Pradesh,-,-,19,2,227,22794
678,05-04-2020,6:00 PM,West Bengal,-,-,10,3,80,22874
679,06-04-2020,6:00 PM,Andhra Pradesh,-,-,1,3,226,23100
680,06-04-2020,6:00 PM,Andaman and Nicobar Islands,-,-,0,0,10,23110
681,06-04-2020,6:00 PM,Arunachal Pradesh,-,-,0,0,1,23111
682,06-04-2020,6:00 PM,Assam,-,-,0,0,26,23137
683,06-04-2020,6:00 PM,Bihar,-,-,0,1,32,23169
684,06-04-2020,6:00 PM,Chandigarh,-,-,0,0,18,23187
685,06-04-2020,6:00 PM,Chhattisgarh,-,-,8,0,10,23197
686,06-04-2020,6:00 PM,Delhi,-,-,19,7,523,23720
687,06-04-2020,6:00 PM,Goa,-,-,0,0,7,23727
688,06-04-2020,6:00 PM,Gujarat,-,-,22,12,144,23871
689,06-04-2020,6:00 PM,Haryana,-,-,25,1,84,23955
690,06-04-2020,6:00 PM,Himachal Pradesh,-,-,2,1,13,23968
691,06-04-2020,6:00 PM,Jammu and Kashmir,-,-,4,2,109,24077
692,06-04-2020,6:00 PM,Jharkhand,-,-,0,0,4,24081
693,06-04-2020,6:00 PM,Karnataka,-,-,12,4,151,24232
694,06-04-2020,6:00 PM,Kerala,-,-,55,2,314,24546
695,06-04-2020,6:00 PM,Ladakh,-,-,10,0,14,24560
696,06-04-2020,6:00 PM,Madhya Pradesh,-,-,0,9,165,24725
697,06-04-2020,6:00 PM,Maharashtra,-,-,56,45,748,25473
698,06-04-2020,6:00 PM,Manipur,-,-,0,0,2,25475
699,06-04-2020,6:00 PM,Mizoram,-,-,0,0,1,25476
700,06-04-2020,6:00 PM,Odisha,-,-,2,0,21,25497
701,06-04-2020,6:00 PM,Puducherry,-,-,1,0,5,25502
702,06-04-2020,6:00 PM,Punjab,-,-,4,6,76,25578
703,06-04-2020,6:00 PM,Rajasthan,-,-,21,0,274,25852
704,06-04-2020,6:00 PM,Tamil Nadu,-,-,8,5,571,26423
705,06-04-2020,6:00 PM,Telengana,-,-,34,7,321,26744
706,06-04-2020,6:00 PM,Uttarakhand,-,-,4,0,26,26770
707,06-04-2020,6:00 PM,Uttar Pradesh,-,-,21,3,305,27075
708,06-04-2020,6:00 PM,West Bengal,-,-,10,3,80,27155
709,07-04-2020,6:00 PM,Andhra Pradesh,-,-,1,3,266,27421
710,07-04-2020,6:00 PM,Andaman and Nicobar Islands,-,-,0,0,10,27431
711,07-04-2020,6:00 PM,Arunachal Pradesh,-,-,0,0,1,27432
712,07-04-2020,6:00 PM,Assam,-,-,0,0,26,27458
713,07-04-2020,6:00 PM,Bihar,-,-,0,1,32,27490
714,07-04-2020,6:00 PM,Chandigarh,-,-,7,0,18,27508
715,07-04-2020,6:00 PM,Chhattisgarh,-,-,9,0,10,27518
716,07-04-2020,6:00 PM,Delhi,-,-,21,7,576,28094
717,07-04-2020,6:00 PM,Goa,-,-,0,0,7,28101
718,07-04-2020,6:00 PM,Gujarat,-,-,25,13,165,28266
719,07-04-2020,6:00 PM,Haryana,-,-,25,1,90,28356
720,07-04-2020,6:00 PM,Himachal Pradesh,-,-,2,1,13,28369
721,07-04-2020,6:00 PM,Jammu and Kashmir,-,-,4,2,116,28485
722,07-04-2020,6:00 PM,Jharkhand,-,-,0,0,4,28489
723,07-04-2020,6:00 PM,Karnataka,-,-,25,4,175,28664
724,07-04-2020,6:00 PM,Kerala,-,-,58,2,327,28991
725,07-04-2020,6:00 PM,Ladakh,-,-,10,0,14,29005
726,07-04-2020,6:00 PM,Madhya Pradesh,-,-,0,13,229,29234
727,07-04-2020,6:00 PM,Maharashtra,-,-,56,48,868,30102
728,07-04-2020,6:00 PM,Manipur,-,-,0,0,2,30104
729,07-04-2020,6:00 PM,Mizoram,-,-,0,0,1,30105
730,07-04-2020,6:00 PM,Odisha,-,-,2,1,42,30147
731,07-04-2020,6:00 PM,Puducherry,-,-,1,0,5,30152
732,07-04-2020,6:00 PM,Punjab,-,-,4,7,91,30243
733,07-04-2020,6:00 PM,Rajasthan,-,-,21,3,288,30531
734,07-04-2020,6:00 PM,Tamil Nadu,-,-,8,5,621,31152
735,07-04-2020,6:00 PM,Telengana,-,-,35,7,364,31516
736,07-04-2020,6:00 PM,Tripura,-,-,0,0,1,31517
737,07-04-2020,6:00 PM,Uttarakhand,-,-,5,0,31,31548
738,07-04-2020,6:00 PM,Uttar Pradesh,-,-,21,3,305,31853
739,07-04-2020,6:00 PM,West Bengal,-,-,13,3,91,31944
740,08-04-2020,5:00 PM,Andhra Pradesh,-,-,5,4,305,32249
741,08-04-2020,5:00 PM,Andaman and Nicobar Islands,-,-,0,0,10,32259
742,08-04-2020,5:00 PM,Arunachal Pradesh,-,-,0,0,1,32260
743,08-04-2020,5:00 PM,Assam,-,-,0,0,27,32287
744,08-04-2020,5:00 PM,Bihar,-,-,0,1,38,32325
745,08-04-2020,5:00 PM,Chandigarh,-,-,7,0,18,32343
746,08-04-2020,5:00 PM,Chhattisgarh,-,-,9,0,10,32353
747,08-04-2020,5:00 PM,Delhi,-,-,21,9,576,32929
748,08-04-2020,5:00 PM,Goa,-,-,0,0,7,32936
749,08-04-2020,5:00 PM,Gujarat,-,-,25,13,165,33101
750,08-04-2020,5:00 PM,Haryana,-,-,28,3,147,33248
751,08-04-2020,5:00 PM,Himachal Pradesh,-,-,2,1,18,33266
752,08-04-2020,5:00 PM,Jammu and Kashmir,-,-,4,2,116,33382
753,08-04-2020,5:00 PM,Jharkhand,-,-,0,0,4,33386
754,08-04-2020,5:00 PM,Karnataka,-,-,25,4,175,33561
755,08-04-2020,5:00 PM,Kerala,-,-,70,2,336,33897
756,08-04-2020,5:00 PM,Ladakh,-,-,10,0,14,33911
757,08-04-2020,5:00 PM,Madhya Pradesh,-,-,0,13,229,34140
758,08-04-2020,5:00 PM,Maharashtra,-,-,79,64,1018,35158
759,08-04-2020,5:00 PM,Manipur,-,-,0,0,2,35160
760,08-04-2020,5:00 PM,Mizoram,-,-,0,0,1,35161
761,08-04-2020,5:00 PM,Odisha,-,-,2,1,42,35203
762,08-04-2020,5:00 PM,Puducherry,-,-,1,0,5,35208
763,08-04-2020,5:00 PM,Punjab,-,-,4,7,91,35299
764,08-04-2020,5:00 PM,Rajasthan,-,-,21,3,328,35627
765,08-04-2020,5:00 PM,Tamil Nadu,-,-,19,7,690,36317
766,08-04-2020,5:00 PM,Telengana,-,-,35,7,427,36744
767,08-04-2020,5:00 PM,Tripura,-,-,0,0,1,36745
768,08-04-2020,5:00 PM,Uttarakhand,-,-,5,0,31,36776
769,08-04-2020,5:00 PM,Uttar Pradesh,-,-,26,3,343,37119
770,08-04-2020,5:00 PM,West Bengal,-,-,13,5,99,37218
771,09-04-2020,5:00 PM,Andhra Pradesh,-,-,6,4,348,37566
772,09-04-2020,5:00 PM,Andaman and Nicobar Islands,-,-,0,0,11,37577
773,09-04-2020,5:00 PM,Arunachal Pradesh,-,-,0,0,1,37578
774,09-04-2020,5:00 PM,Assam,-,-,0,0,28,37606
775,09-04-2020,5:00 PM,Bihar,-,-,0,1,39,37645
776,09-04-2020,5:00 PM,Chandigarh,-,-,7,0,18,37663
777,09-04-2020,5:00 PM,Chhattisgarh,-,-,9,0,10,37673
778,09-04-2020,5:00 PM,Delhi,-,-,21,9,669,38342
779,09-04-2020,5:00 PM,Goa,-,-,0,0,7,38349
780,09-04-2020,5:00 PM,Gujarat,-,-,25,16,179,38528
781,09-04-2020,5:00 PM,Haryana,-,-,29,3,169,38697
782,09-04-2020,5:00 PM,Himachal Pradesh,-,-,2,1,18,38715
783,09-04-2020,5:00 PM,Jammu and Kashmir,-,-,4,4,158,38873
784,09-04-2020,5:00 PM,Jharkhand,-,-,0,0,13,38886
785,09-04-2020,5:00 PM,Karnataka,-,-,28,5,181,39067
786,09-04-2020,5:00 PM,Kerala,-,-,83,2,345,39412
787,09-04-2020,5:00 PM,Ladakh,-,-,10,0,14,39426
788,09-04-2020,5:00 PM,Madhya Pradesh,-,-,0,16,259,39685
789,09-04-2020,5:00 PM,Maharashtra,-,-,117,72,1135,40820
790,09-04-2020,5:00 PM,Manipur,-,-,1,0,2,40822
791,09-04-2020,5:00 PM,Mizoram,-,-,0,0,1,40823
792,09-04-2020,5:00 PM,Odisha,-,-,2,1,42,40865
793,09-04-2020,5:00 PM,Puducherry,-,-,1,0,5,40870
794,09-04-2020,5:00 PM,Punjab,-,-,4,8,101,40971
795,09-04-2020,5:00 PM,Rajasthan,-,-,21,3,383,41354
796,09-04-2020,5:00 PM,Tamil Nadu,-,-,21,8,738,42092
797,09-04-2020,5:00 PM,Telengana,-,-,35,7,442,42534
798,09-04-2020,5:00 PM,Tripura,-,-,0,0,1,42535
799,09-04-2020,5:00 PM,Uttarakhand,-,-,5,0,35,42570
800,09-04-2020,5:00 PM,Uttar Pradesh,-,-,31,4,410,42980
801,09-04-2020,5:00 PM,West Bengal,-,-,16,5,103,43083
802,10-04-2020,5:00 PM,Andhra Pradesh,-,-,7,6,363,43446
803,10-04-2020,5:00 PM,Andaman and Nicobar Islands,-,-,0,0,11,43457
804,10-04-2020,5:00 PM,Arunachal Pradesh,-,-,0,0,1,43458
805,10-04-2020,5:00 PM,Assam,-,-,0,0,29,43487
806,10-04-2020,5:00 PM,Bihar,-,-,0,1,60,43547
807,10-04-2020,5:00 PM,Chandigarh,-,-,7,0,18,43565
808,10-04-2020,5:00 PM,Chhattisgarh,-,-,9,0,10,43575
809,10-04-2020,5:00 PM,Delhi,-,-,25,13,898,44473
810,10-04-2020,5:00 PM,Goa,-,-,1,0,7,44480
811,10-04-2020,5:00 PM,Gujarat,-,-,26,17,241,44721
812,10-04-2020,5:00 PM,Haryana,-,-,29,3,169,44890
813,10-04-2020,5:00 PM,Himachal Pradesh,-,-,6,1,28,44918
814,10-04-2020,5:00 PM,Jammu and Kashmir,-,-,6,4,184,45102
815,10-04-2020,5:00 PM,Jharkhand,-,-,0,1,13,45115
816,10-04-2020,5:00 PM,Karnataka,-,-,30,6,197,45312
817,10-04-2020,5:00 PM,Kerala,-,-,96,2,357,45669
818,10-04-2020,5:00 PM,Ladakh,-,-,10,0,15,45684
819,10-04-2020,5:00 PM,Madhya Pradesh,-,-,0,16,259,45943
820,10-04-2020,5:00 PM,Maharashtra,-,-,125,97,1364,47307
821,10-04-2020,5:00 PM,Manipur,-,-,1,0,2,47309
822,10-04-2020,5:00 PM,Mizoram,-,-,0,0,1,47310
823,10-04-2020,5:00 PM,Odisha,-,-,2,1,44,47354
824,10-04-2020,5:00 PM,Puducherry,-,-,1,0,5,47359
825,10-04-2020,5:00 PM,Punjab,-,-,5,11,132,47491
826,10-04-2020,5:00 PM,Rajasthan,-,-,21,3,463,47954
827,10-04-2020,5:00 PM,Tamil Nadu,-,-,21,8,834,48788
828,10-04-2020,5:00 PM,Telengana,-,-,35,7,473,49261
829,10-04-2020,5:00 PM,Tripura,-,-,0,0,1,49262
830,10-04-2020,5:00 PM,Uttarakhand,-,-,5,0,35,49297
831,10-04-2020,5:00 PM,Uttar Pradesh,-,-,32,4,431,49728
832,10-04-2020,5:00 PM,West Bengal,-,-,16,5,116,49844
833,11-04-2020,5:00 PM,Andhra Pradesh,-,-,11,6,381,50225
834,11-04-2020,5:00 PM,Andaman and Nicobar Islands,-,-,0,0,11,50236
835,11-04-2020,5:00 PM,Arunachal Pradesh,-,-,0,0,1,50237
836,11-04-2020,5:00 PM,Assam,-,-,0,1,29,50266
837,11-04-2020,5:00 PM,Bihar,-,-,0,1,60,50326
838,11-04-2020,5:00 PM,Chandigarh,-,-,7,0,18,50344
839,11-04-2020,5:00 PM,Chhattisgarh,-,-,9,0,18,50362
840,11-04-2020,5:00 PM,Delhi,-,-,25,14,903,51265
841,11-04-2020,5:00 PM,Goa,-,-,1,0,7,51272
842,11-04-2020,5:00 PM,Gujarat,-,-,31,19,308,51580
843,11-04-2020,5:00 PM,Haryana,-,-,29,3,177,51757
844,11-04-2020,5:00 PM,Himachal Pradesh,-,-,6,1,28,51785
845,11-04-2020,5:00 PM,Jammu and Kashmir,-,-,6,4,207,51992
846,11-04-2020,5:00 PM,Jharkhand,-,-,0,1,17,52009
847,11-04-2020,5:00 PM,Karnataka,-,-,37,6,214,52223
848,11-04-2020,5:00 PM,Kerala,-,-,123,2,364,52587
849,11-04-2020,5:00 PM,Ladakh,-,-,10,0,15,52602
850,11-04-2020,5:00 PM,Madhya Pradesh,-,-,0,33,443,53045
851,11-04-2020,5:00 PM,Maharashtra,-,-,188,110,1574,54619
852,11-04-2020,5:00 PM,Manipur,-,-,1,0,2,54621
853,11-04-2020,5:00 PM,Mizoram,-,-,0,0,1,54622
854,11-04-2020,5:00 PM,Odisha,-,-,2,1,48,54670
855,11-04-2020,5:00 PM,Puducherry,-,-,1,0,7,54677
856,11-04-2020,5:00 PM,Punjab,-,-,5,11,132,54809
857,11-04-2020,5:00 PM,Rajasthan,-,-,21,3,553,55362
858,11-04-2020,5:00 PM,Tamil Nadu,-,-,44,8,911,56273
859,11-04-2020,5:00 PM,Telengana,-,-,43,9,504,56777
860,11-04-2020,5:00 PM,Tripura,-,-,0,0,2,56779
861,11-04-2020,5:00 PM,Uttarakhand,-,-,5,0,35,56814
862,11-04-2020,5:00 PM,Uttar Pradesh,-,-,32,4,433,57247
863,11-04-2020,5:00 PM,West Bengal,-,-,16,5,126,57373
864,12-04-2020,5:00 PM,Andhra Pradesh,-,-,11,6,381,57754
865,12-04-2020,5:00 PM,Andaman and Nicobar Islands,-,-,10,0,11,57765
866,12-04-2020,5:00 PM,Arunachal Pradesh,-,-,0,0,1,57766
867,12-04-2020,5:00 PM,Assam,-,-,0,1,29,57795
868,12-04-2020,5:00 PM,Bihar,-,-,19,1,64,57859
869,12-04-2020,5:00 PM,Chandigarh,-,-,7,0,19,57878
870,12-04-2020,5:00 PM,Chhattisgarh,-,-,10,0,25,57903
871,12-04-2020,5:00 PM,Delhi,-,-,25,19,1069,58972
872,12-04-2020,5:00 PM,Goa,-,-,5,0,7,58979
873,12-04-2020,5:00 PM,Gujarat,-,-,44,22,432,59411
874,12-04-2020,5:00 PM,Haryana,-,-,29,3,185,59596
875,12-04-2020,5:00 PM,Himachal Pradesh,-,-,6,1,32,59628
876,12-04-2020,5:00 PM,Jammu and Kashmir,-,-,6,4,224,59852
877,12-04-2020,5:00 PM,Jharkhand,-,-,0,1,17,59869
878,12-04-2020,5:00 PM,Karnataka,-,-,37,6,226,60095
879,12-04-2020,5:00 PM,Kerala,-,-,142,2,374,60469
880,12-04-2020,5:00 PM,Ladakh,-,-,10,0,15,60484
881,12-04-2020,5:00 PM,Madhya Pradesh,-,-,0,36,564,61048
882,12-04-2020,5:00 PM,Maharashtra,-,-,208,127,1761,62809
883,12-04-2020,5:00 PM,Manipur,-,-,1,0,2,62811
884,12-04-2020,5:00 PM,Mizoram,-,-,0,0,1,62812
885,12-04-2020,5:00 PM,Odisha,-,-,12,1,54,62866
886,12-04-2020,5:00 PM,Puducherry,-,-,1,0,7,62873
887,12-04-2020,5:00 PM,Punjab,-,-,5,11,151,63024
888,12-04-2020,5:00 PM,Rajasthan,-,-,21,3,700,63724
889,12-04-2020,5:00 PM,Tamil Nadu,-,-,44,10,969,64693
890,12-04-2020,5:00 PM,Telengana,-,-,43,9,504,65197
891,12-04-2020,5:00 PM,Tripura,-,-,0,0,2,65199
892,12-04-2020,5:00 PM,Uttarakhand,-,-,5,0,35,65234
893,12-04-2020,5:00 PM,Uttar Pradesh,-,-,45,5,452,65686
894,12-04-2020,5:00 PM,West Bengal,-,-,19,5,134,65820
895,13-04-2020,5:00 PM,Andhra Pradesh,-,-,11,7,432,66252
896,13-04-2020,5:00 PM,Andaman and Nicobar Islands,-,-,10,0,11,66263
897,13-04-2020,5:00 PM,Arunachal Pradesh,-,-,0,0,1,66264
898,13-04-2020,5:00 PM,Assam,-,-,0,1,31,66295
899,13-04-2020,5:00 PM,Bihar,-,-,26,1,64,66359
900,13-04-2020,5:00 PM,Chandigarh,-,-,7,0,21,66380
901,13-04-2020,5:00 PM,Chhattisgarh,-,-,10,0,31,66411
902,13-04-2020,5:00 PM,Delhi,-,-,27,24,1154,67565
903,13-04-2020,5:00 PM,Goa,-,-,5,0,7,67572
904,13-04-2020,5:00 PM,Gujarat,-,-,47,26,539,68111
905,13-04-2020,5:00 PM,Haryana,-,-,29,3,185,68296
906,13-04-2020,5:00 PM,Himachal Pradesh,-,-,13,1,32,68328
907,13-04-2020,5:00 PM,Jammu and Kashmir,-,-,6,4,245,68573
908,13-04-2020,5:00 PM,Jharkhand,-,-,0,2,19,68592
909,13-04-2020,5:00 PM,Karnataka,-,-,59,6,247,68839
910,13-04-2020,5:00 PM,Kerala,-,-,179,3,376,69215
911,13-04-2020,5:00 PM,Ladakh,-,-,10,0,15,69230
912,13-04-2020,5:00 PM,Madhya Pradesh,-,-,44,43,604,69834
913,13-04-2020,5:00 PM,Maharashtra,-,-,217,149,1985,71819
914,13-04-2020,5:00 PM,Manipur,-,-,1,0,2,71821
915,13-04-2020,5:00 PM,Mizoram,-,-,0,0,1,71822
916,13-04-2020,5:00 PM,Nagaland,-,-,0,0,1,71823
917,13-04-2020,5:00 PM,Odisha,-,-,12,1,54,71877
918,13-04-2020,5:00 PM,Puducherry,-,-,1,0,7,71884
919,13-04-2020,5:00 PM,Punjab,-,-,14,11,167,72051
920,13-04-2020,5:00 PM,Rajasthan,-,-,21,3,812,72863
921,13-04-2020,5:00 PM,Tamil Nadu,-,-,50,11,1075,73938
922,13-04-2020,5:00 PM,Telengana,-,-,100,16,562,74500
923,13-04-2020,5:00 PM,Tripura,-,-,0,0,2,74502
924,13-04-2020,5:00 PM,Uttarakhand,-,-,5,0,35,74537
925,13-04-2020,5:00 PM,Uttar Pradesh,-,-,47,5,483,75020
926,13-04-2020,5:00 PM,West Bengal,-,-,29,7,152,75172
927,14-04-2020,5:00 PM,Andhra Pradesh,-,-,14,9,473,75645
928,14-04-2020,5:00 PM,Andaman and Nicobar Islands,-,-,10,0,11,75656
929,14-04-2020,5:00 PM,Arunachal Pradesh,-,-,0,0,1,75657
930,14-04-2020,5:00 PM,Assam,-,-,0,1,31,75688
931,14-04-2020,5:00 PM,Bihar,-,-,26,1,66,75754
932,14-04-2020,5:00 PM,Chandigarh,-,-,7,0,21,75775
933,14-04-2020,5:00 PM,Chhattisgarh,-,-,10,0,31,75806
934,14-04-2020,5:00 PM,Delhi,-,-,30,28,1510,77316
935,14-04-2020,5:00 PM,Goa,-,-,5,0,7,77323
936,14-04-2020,5:00 PM,Gujarat,-,-,55,26,617,77940
937,14-04-2020,5:00 PM,Haryana,-,-,34,3,199,78139
938,14-04-2020,5:00 PM,Himachal Pradesh,-,-,13,1,32,78171
939,14-04-2020,5:00 PM,Jammu and Kashmir,-,-,16,4,270,78441
940,14-04-2020,5:00 PM,Jharkhand,-,-,0,2,24,78465
941,14-04-2020,5:00 PM,Karnataka,-,-,65,9,258,78723
942,14-04-2020,5:00 PM,Kerala,-,-,198,3,379,79102
943,14-04-2020,5:00 PM,Ladakh,-,-,10,0,15,79117
944,14-04-2020,5:00 PM,Madhya Pradesh,-,-,51,50,730,79847
945,14-04-2020,5:00 PM,Maharashtra,-,-,229,160,2337,82184
946,14-04-2020,5:00 PM,Manipur,-,-,1,0,2,82186
947,14-04-2020,5:00 PM,Meghalaya,-,-,0,0,1,82187
948,14-04-2020,5:00 PM,Mizoram,-,-,0,0,1,82188
949,14-04-2020,5:00 PM,Nagaland,-,-,0,0,1,82189
950,14-04-2020,5:00 PM,Odisha,-,-,18,1,55,82244
951,14-04-2020,5:00 PM,Puducherry,-,-,1,0,7,82251
952,14-04-2020,5:00 PM,Punjab,-,-,14,12,176,82427
953,14-04-2020,5:00 PM,Rajasthan,-,-,133,3,879,83306
954,14-04-2020,5:00 PM,Tamil Nadu,-,-,58,11,1173,84479
955,14-04-2020,5:00 PM,Telengana,-,-,100,17,624,85103
956,14-04-2020,5:00 PM,Tripura,-,-,0,0,2,85105
957,14-04-2020,5:00 PM,Uttarakhand,-,-,7,0,35,85140
958,14-04-2020,5:00 PM,Uttar Pradesh,-,-,49,5,657,85797
959,14-04-2020,5:00 PM,West Bengal,-,-,36,7,190,85987
960,15-04-2020,5:00 PM,Andaman and Nicobar Islands,-,-,10,0,11,85998
961,15-04-2020,5:00 PM,Andhra Pradesh,-,-,16,9,503,86501
962,15-04-2020,5:00 PM,Arunachal Pradesh,-,-,0,0,1,86502
963,15-04-2020,5:00 PM,Assam,-,-,0,1,33,86535
964,15-04-2020,5:00 PM,Bihar,-,-,29,1,70,86605
965,15-04-2020,5:00 PM,Chandigarh,-,-,7,0,21,86626
966,15-04-2020,5:00 PM,Chhattisgarh,-,-,13,0,33,86659
967,15-04-2020,5:00 PM,Delhi,-,-,30,30,1561,88220
968,15-04-2020,5:00 PM,Goa,-,-,5,0,7,88227
969,15-04-2020,5:00 PM,Gujarat,-,-,59,30,695,88922
970,15-04-2020,5:00 PM,Haryana,-,-,34,3,199,89121
971,15-04-2020,5:00 PM,Himachal Pradesh,-,-,13,1,33,89154
972,15-04-2020,5:00 PM,Jammu and Kashmir,-,-,30,4,278,89432
973,15-04-2020,5:00 PM,Jharkhand,-,-,0,2,27,89459
974,15-04-2020,5:00 PM,Karnataka,-,-,75,11,277,89736
975,15-04-2020,5:00 PM,Kerala,-,-,211,3,387,90123
976,15-04-2020,5:00 PM,Ladakh,-,-,10,0,17,90140
977,15-04-2020,5:00 PM,Madhya Pradesh,-,-,64,53,987,91127
978,15-04-2020,5:00 PM,Maharashtra,-,-,259,178,2687,93814
979,15-04-2020,5:00 PM,Manipur,-,-,1,0,2,93816
980,15-04-2020,5:00 PM,Meghalaya,-,-,0,1,7,93823
981,15-04-2020,5:00 PM,Mizoram,-,-,0,0,1,93824
982,15-04-2020,5:00 PM,Nagaland#,-,-,0,0,0,93824
983,15-04-2020,5:00 PM,Odisha,-,-,18,1,60,93884
984,15-04-2020,5:00 PM,Puducherry,-,-,1,0,7,93891
985,15-04-2020,5:00 PM,Punjab,-,-,14,13,186,94077
986,15-04-2020,5:00 PM,Rajasthan,-,-,147,3,1005,95082
987,15-04-2020,5:00 PM,Tamil Nadu,-,-,81,12,1204,96286
988,15-04-2020,5:00 PM,Telengana,-,-,120,18,647,96933
989,15-04-2020,5:00 PM,Tripura,-,-,0,0,2,96935
990,15-04-2020,5:00 PM,Uttarakhand,-,-,9,0,37,96972
991,15-04-2020,5:00 PM,Uttar Pradesh,-,-,51,11,735,97707
992,15-04-2020,5:00 PM,West Bengal,-,-,37,7,213,97920
993,16-04-2020,5:00 PM,Andaman and Nicobar Islands,-,-,10,0,11,97931
994,16-04-2020,5:00 PM,Andhra Pradesh,-,-,20,14,534,98465
995,16-04-2020,5:00 PM,Arunachal Pradesh,-,-,0,0,1,98466
996,16-04-2020,5:00 PM,Assam,-,-,5,1,33,98499
997,16-04-2020,5:00 PM,Bihar,-,-,29,1,74,98573
998,16-04-2020,5:00 PM,Chandigarh,-,-,7,0,21,98594
999,16-04-2020,5:00 PM,Chhattisgarh,-,-,17,0,33,98627
1000,16-04-2020,5:00 PM,Delhi,-,-,42,32,1578,100205
1001,16-04-2020,5:00 PM,Goa,-,-,5,0,7,100212
1002,16-04-2020,5:00 PM,Gujarat,-,-,64,36,871,101083
1003,16-04-2020,5:00 PM,Haryana,-,-,43,3,205,101288
1004,16-04-2020,5:00 PM,Himachal Pradesh,-,-,16,1,35,101323
1005,16-04-2020,5:00 PM,Jammu and Kashmir,-,-,36,4,300,101623
1006,16-04-2020,5:00 PM,Jharkhand,-,-,0,2,28,101651
1007,16-04-2020,5:00 PM,Karnataka,-,-,82,13,315,101966
1008,16-04-2020,5:00 PM,Kerala,-,-,218,3,388,102354
1009,16-04-2020,5:00 PM,Ladakh,-,-,10,0,17,102371
1010,16-04-2020,5:00 PM,Madhya Pradesh,-,-,64,53,1120,103491
1011,16-04-2020,5:00 PM,Maharashtra,-,-,295,187,2919,106410
1012,16-04-2020,5:00 PM,Manipur,-,-,1,0,2,106412
1013,16-04-2020,5:00 PM,Meghalaya,-,-,0,1,7,106419
1014,16-04-2020,5:00 PM,Mizoram,-,-,0,0,1,106420
1015,16-04-2020,5:00 PM,Nagaland#,-,-,0,0,0,106420
1016,16-04-2020,5:00 PM,Odisha,-,-,18,1,60,106480
1017,16-04-2020,5:00 PM,Puducherry,-,-,1,0,7,106487
1018,16-04-2020,5:00 PM,Punjab,-,-,27,13,186,106673
1019,16-04-2020,5:00 PM,Rajasthan,-,-,147,3,1023,107696
1020,16-04-2020,5:00 PM,Tamil Nadu,-,-,118,14,1242,108938
1021,16-04-2020,5:00 PM,Telengana,-,-,120,18,698,109636
1022,16-04-2020,5:00 PM,Tripura,-,-,1,0,2,109638
1023,16-04-2020,5:00 PM,Uttarakhand,-,-,9,0,37,109675
1024,16-04-2020,5:00 PM,Uttar Pradesh,-,-,68,13,773,110448
1025,16-04-2020,5:00 PM,West Bengal,-,-,42,7,231,110679
1026,17-04-2020,5:00 PM,Andaman and Nicobar Islands,-,-,10,0,11,110690
1027,17-04-2020,5:00 PM,Andhra Pradesh,-,-,36,14,572,111262
1028,17-04-2020,5:00 PM,Arunachal Pradesh,-,-,0,0,1,111263
1029,17-04-2020,5:00 PM,Assam,-,-,5,1,35,111298
1030,17-04-2020,5:00 PM,Bihar,-,-,37,1,83,111381
1031,17-04-2020,5:00 PM,Chandigarh,-,-,9,0,21,111402
1032,17-04-2020,5:00 PM,Chhattisgarh,-,-,23,0,36,111438
1033,17-04-2020,5:00 PM,Delhi,-,-,51,38,1640,113078
1034,17-04-2020,5:00 PM,Goa,-,-,6,0,7,113085
1035,17-04-2020,5:00 PM,Gujarat,-,-,74,38,1021,114106
1036,17-04-2020,5:00 PM,Haryana,-,-,43,3,205,114311
1037,17-04-2020,5:00 PM,Himachal Pradesh,-,-,16,1,35,114346
1038,17-04-2020,5:00 PM,Jammu and Kashmir,-,-,38,4,314,114660
1039,17-04-2020,5:00 PM,Jharkhand,-,-,0,2,29,114689
1040,17-04-2020,5:00 PM,Karnataka,-,-,82,13,353,115042
1041,17-04-2020,5:00 PM,Kerala,-,-,245,3,395,115437
1042,17-04-2020,5:00 PM,Ladakh,-,-,14,0,18,115455
1043,17-04-2020,5:00 PM,Madhya Pradesh,-,-,65,57,1308,116763
1044,17-04-2020,5:00 PM,Maharashtra,-,-,300,194,3205,119968
1045,17-04-2020,5:00 PM,Manipur,-,-,1,0,2,119970
1046,17-04-2020,5:00 PM,Meghalaya,-,-,0,1,9,119979
1047,17-04-2020,5:00 PM,Mizoram,-,-,0,0,1,119980
1048,17-04-2020,5:00 PM,Nagaland#,-,-,0,0,0,119980
1049,17-04-2020,5:00 PM,Odisha,-,-,19,1,60,120040
1050,17-04-2020,5:00 PM,Puducherry,-,-,1,0,7,120047
1051,17-04-2020,5:00 PM,Punjab,-,-,27,13,186,120233
1052,17-04-2020,5:00 PM,Rajasthan,-,-,164,11,1131,121364
1053,17-04-2020,5:00 PM,Tamil Nadu,-,-,180,15,1267,122631
1054,17-04-2020,5:00 PM,Telengana,-,-,186,18,743,123374
1055,17-04-2020,5:00 PM,Tripura,-,-,1,0,2,123376
1056,17-04-2020,5:00 PM,Uttarakhand,-,-,9,0,37,123413
1057,17-04-2020,5:00 PM,Uttar Pradesh,-,-,74,14,846,124259
1058,17-04-2020,5:00 PM,West Bengal,-,-,51,10,255,124514
1059,18-04-2020,5:00 PM,Andaman and Nicobar Islands,-,-,11,0,12,124526
1060,18-04-2020,5:00 PM,Andhra Pradesh,-,-,42,15,603,125129
1061,18-04-2020,5:00 PM,Arunachal Pradesh,-,-,0,0,1,125130
1062,18-04-2020,5:00 PM,Assam,-,-,9,1,35,125165
1063,18-04-2020,5:00 PM,Bihar,-,-,37,2,85,125250
1064,18-04-2020,5:00 PM,Chandigarh,-,-,9,0,21,125271
1065,18-04-2020,5:00 PM,Chhattisgarh,-,-,24,0,36,125307
1066,18-04-2020,5:00 PM,Delhi,-,-,72,42,1707,127014
1067,18-04-2020,5:00 PM,Goa,-,-,6,0,7,127021
1068,18-04-2020,5:00 PM,Gujarat,-,-,88,48,1272,128293
1069,18-04-2020,5:00 PM,Haryana,-,-,43,3,225,128518
1070,18-04-2020,5:00 PM,Himachal Pradesh,-,-,16,1,38,128556
1071,18-04-2020,5:00 PM,Jammu and Kashmir,-,-,42,5,328,128884
1072,18-04-2020,5:00 PM,Jharkhand,-,-,0,2,33,128917
1073,18-04-2020,5:00 PM,Karnataka,-,-,92,13,371,129288
1074,18-04-2020,5:00 PM,Kerala,-,-,255,3,396,129684
1075,18-04-2020,5:00 PM,Ladakh,-,-,14,0,18,129702
1076,18-04-2020,5:00 PM,Madhya Pradesh,-,-,69,69,1355,131057
1077,18-04-2020,5:00 PM,Maharashtra,-,-,331,201,3323,134380
1078,18-04-2020,5:00 PM,Manipur,-,-,1,0,2,134382
1079,18-04-2020,5:00 PM,Meghalaya,-,-,0,1,11,134393
1080,18-04-2020,5:00 PM,Mizoram,-,-,0,0,1,134394
1081,18-04-2020,5:00 PM,Nagaland#,-,-,0,0,0,134394
1082,18-04-2020,5:00 PM,Odisha,-,-,21,1,60,134454
1083,18-04-2020,5:00 PM,Puducherry,-,-,3,0,7,134461
1084,18-04-2020,5:00 PM,Punjab,-,-,27,13,202,134663
1085,18-04-2020,5:00 PM,Rajasthan,-,-,183,11,1229,135892
1086,18-04-2020,5:00 PM,Tamil Nadu,-,-,283,15,1323,137215
1087,18-04-2020,5:00 PM,Telengana,-,-,186,18,791,138006
1088,18-04-2020,5:00 PM,Tripura,-,-,1,0,2,138008
1089,18-04-2020,5:00 PM,Uttarakhand,-,-,9,0,42,138050
1090,18-04-2020,5:00 PM,Uttar Pradesh,-,-,86,14,969,139019
1091,18-04-2020,5:00 PM,West Bengal,-,-,55,10,287,139306
1092,19-04-2020,5:00 PM,Andaman and Nicobar Islands,-,-,11,0,14,139320
1093,19-04-2020,5:00 PM,Andhra Pradesh,-,-,42,15,603,139923
1094,19-04-2020,5:00 PM,Arunachal Pradesh,-,-,0,0,1,139924
1095,19-04-2020,5:00 PM,Assam,-,-,12,1,35,139959
1096,19-04-2020,5:00 PM,Bihar,-,-,37,2,86,140045
1097,19-04-2020,5:00 PM,Chandigarh,-,-,10,0,23,140068
1098,19-04-2020,5:00 PM,Chhattisgarh,-,-,24,0,36,140104
1099,19-04-2020,5:00 PM,Delhi,-,-,72,43,1893,141997
1100,19-04-2020,5:00 PM,Goa,-,-,6,0,7,142004
1101,19-04-2020,5:00 PM,Gujarat,-,-,94,58,1604,143608
1102,19-04-2020,5:00 PM,Haryana,-,-,87,3,233,143841
1103,19-04-2020,5:00 PM,Himachal Pradesh,-,-,16,1,39,143880
1104,19-04-2020,5:00 PM,Jammu and Kashmir,-,-,51,5,341,144221
1105,19-04-2020,5:00 PM,Jharkhand,-,-,0,2,35,144256
1106,19-04-2020,5:00 PM,Karnataka,-,-,104,14,384,144640
1107,19-04-2020,5:00 PM,Kerala,-,-,257,3,400,145040
1108,19-04-2020,5:00 PM,Ladakh,-,-,14,0,18,145058
1109,19-04-2020,5:00 PM,Madhya Pradesh,-,-,127,70,1407,146465
1110,19-04-2020,5:00 PM,Maharashtra,-,-,365,211,3651,150116
1111,19-04-2020,5:00 PM,Manipur,-,-,1,0,2,150118
1112,19-04-2020,5:00 PM,Meghalaya,-,-,0,1,11,150129
1113,19-04-2020,5:00 PM,Mizoram,-,-,0,0,1,150130
1114,19-04-2020,5:00 PM,Nagaland#,-,-,0,0,0,150130
1115,19-04-2020,5:00 PM,Odisha,-,-,24,1,61,150191
1116,19-04-2020,5:00 PM,Puducherry,-,-,3,0,7,150198
1117,19-04-2020,5:00 PM,Punjab,-,-,31,16,219,150417
1118,19-04-2020,5:00 PM,Rajasthan,-,-,183,11,1351,151768
1119,19-04-2020,5:00 PM,Tamil Nadu,-,-,365,15,1372,153140
1120,19-04-2020,5:00 PM,Telengana,-,-,186,18,844,153984
1121,19-04-2020,5:00 PM,Tripura,-,-,1,0,2,153986
1122,19-04-2020,5:00 PM,Uttarakhand,-,-,9,0,42,154028
1123,19-04-2020,5:00 PM,Uttar Pradesh,-,-,108,17,1084,155112
1124,19-04-2020,5:00 PM,West Bengal,-,-,62,12,310,155422
1125,20-04-2020,5:00 PM,Andaman and Nicobar Islands,-,-,11,0,15,155437
1126,20-04-2020,5:00 PM,Andhra Pradesh,-,-,92,20,722,156159
1127,20-04-2020,5:00 PM,Arunachal Pradesh,-,-,0,0,1,156160
1128,20-04-2020,5:00 PM,Assam,-,-,17,1,35,156195
1129,20-04-2020,5:00 PM,Bihar,-,-,42,2,96,156291
1130,20-04-2020,5:00 PM,Chandigarh,-,-,13,0,26,156317
1131,20-04-2020,5:00 PM,Chhattisgarh,-,-,25,0,36,156353
1132,20-04-2020,5:00 PM,Delhi,-,-,290,45,2003,158356
1133,20-04-2020,5:00 PM,Goa,-,-,7,0,7,158363
1134,20-04-2020,5:00 PM,Gujarat,-,-,106,67,1851,160214
1135,20-04-2020,5:00 PM,Haryana,-,-,87,3,233,160447
1136,20-04-2020,5:00 PM,Himachal Pradesh,-,-,16,1,39,160486
1137,20-04-2020,5:00 PM,Jammu and Kashmir,-,-,56,5,350,160836
1138,20-04-2020,5:00 PM,Jharkhand,-,-,0,2,42,160878
1139,20-04-2020,5:00 PM,Karnataka,-,-,111,16,395,161273
1140,20-04-2020,5:00 PM,Kerala,-,-,270,3,402,161675
1141,20-04-2020,5:00 PM,Ladakh,-,-,14,0,18,161693
1142,20-04-2020,5:00 PM,Madhya Pradesh,-,-,127,74,1485,163178
1143,20-04-2020,5:00 PM,Maharashtra,-,-,507,223,4203,167381
1144,20-04-2020,5:00 PM,Manipur,-,-,2,0,2,167383
1145,20-04-2020,5:00 PM,Meghalaya,-,-,0,1,11,167394
1146,20-04-2020,5:00 PM,Mizoram,-,-,0,0,1,167395
1147,20-04-2020,5:00 PM,Nagaland,-,-,0,0,0,167395
1148,20-04-2020,5:00 PM,Odisha,-,-,24,1,68,167463
1149,20-04-2020,5:00 PM,Puducherry,-,-,3,0,7,167470
1150,20-04-2020,5:00 PM,Punjab,-,-,31,16,219,167689
1151,20-04-2020,5:00 PM,Rajasthan,-,-,183,14,1478,169167
1152,20-04-2020,5:00 PM,Tamil Nadu,-,-,411,15,1477,170644
1153,20-04-2020,5:00 PM,Telengana,-,-,190,21,873,171517
1154,20-04-2020,5:00 PM,Tripura,-,-,1,0,2,171519
1155,20-04-2020,5:00 PM,Uttarakhand,-,-,11,0,44,171563
1156,20-04-2020,5:00 PM,Uttar Pradesh,-,-,129,17,1176,172739
1157,20-04-2020,5:00 PM,West Bengal,-,-,66,12,339,173078
1158,21-04-2020,5:00 PM,Andaman and Nicobar Islands,-,-,11,0,16,173094
1159,21-04-2020,5:00 PM,Andhra Pradesh,-,-,96,22,757,173851
1160,21-04-2020,5:00 PM,Arunachal Pradesh,-,-,1,0,1,173852
1161,21-04-2020,5:00 PM,Assam,-,-,19,1,35,173887
1162,21-04-2020,5:00 PM,Bihar,-,-,42,2,114,174001
1163,21-04-2020,5:00 PM,Chandigarh,-,-,13,0,26,174027
1164,21-04-2020,5:00 PM,Chhattisgarh,-,-,25,0,36,174063
1165,21-04-2020,5:00 PM,Delhi,-,-,431,47,2081,176144
1166,21-04-2020,5:00 PM,Goa,-,-,7,0,7,176151
1167,21-04-2020,5:00 PM,Gujarat,-,-,131,77,2066,178217
1168,21-04-2020,5:00 PM,Haryana,-,-,127,3,254,178471
1169,21-04-2020,5:00 PM,Himachal Pradesh,-,-,16,1,39,178510
1170,21-04-2020,5:00 PM,Jammu and Kashmir,-,-,71,5,368,178878
1171,21-04-2020,5:00 PM,Jharkhand,-,-,0,2,46,178924
1172,21-04-2020,5:00 PM,Karnataka,-,-,114,17,415,179339
1173,21-04-2020,5:00 PM,Kerala,-,-,291,3,408,179747
1174,21-04-2020,5:00 PM,Ladakh,-,-,14,0,18,179765
1175,21-04-2020,5:00 PM,Madhya Pradesh,-,-,127,76,1540,181305
1176,21-04-2020,5:00 PM,Maharashtra,-,-,572,232,4669,185974
1177,21-04-2020,5:00 PM,Manipur,-,-,2,0,2,185976
1178,21-04-2020,5:00 PM,Meghalaya,-,-,0,1,11,185987
1179,21-04-2020,5:00 PM,Mizoram,-,-,0,0,1,185988
1180,21-04-2020,5:00 PM,Nagaland,-,-,0,0,0,185988
1181,21-04-2020,5:00 PM,Odisha,-,-,24,1,74,186062
1182,21-04-2020,5:00 PM,Puducherry,-,-,3,0,7,186069
1183,21-04-2020,5:00 PM,Punjab,-,-,39,16,245,186314
1184,21-04-2020,5:00 PM,Rajasthan,-,-,205,25,1576,187890
1185,21-04-2020,5:00 PM,Tamil Nadu,-,-,457,17,1520,189410
1186,21-04-2020,5:00 PM,Telengana,-,-,190,23,919,190329
1187,21-04-2020,5:00 PM,Tripura,-,-,1,0,2,190331
1188,21-04-2020,5:00 PM,Uttarakhand,-,-,18,0,46,190377
1189,21-04-2020,5:00 PM,Uttar Pradesh,-,-,140,20,1294,191671
1190,21-04-2020,5:00 PM,West Bengal,-,-,73,12,392,192063
1191,22-04-2020,5:00 PM,Andaman and Nicobar Islands,-,-,11,0,17,192080
1192,22-04-2020,5:00 PM,Andhra Pradesh,-,-,120,24,813,192893
1193,22-04-2020,5:00 PM,Arunachal Pradesh,-,-,1,0,1,192894
1194,22-04-2020,5:00 PM,Assam,-,-,19,1,35,192929
1195,22-04-2020,5:00 PM,Bihar,-,-,46,2,126,193055
1196,22-04-2020,5:00 PM,Chandigarh,-,-,14,0,27,193082
1197,22-04-2020,5:00 PM,Chhattisgarh,-,-,26,0,36,193118
1198,22-04-2020,5:00 PM,Delhi,-,-,611,47,2156,195274
1199,22-04-2020,5:00 PM,Goa,-,-,7,0,7,195281
1200,22-04-2020,5:00 PM,Gujarat,-,-,144,95,2272,197553
1201,22-04-2020,5:00 PM,Haryana,-,-,127,3,254,197807
1202,22-04-2020,5:00 PM,Himachal Pradesh,-,-,16,1,39,197846
1203,22-04-2020,5:00 PM,Jammu and Kashmir,-,-,81,5,380,198226
1204,22-04-2020,5:00 PM,Jharkhand#,-,-,0,3,45,198271
1205,22-04-2020,5:00 PM,Karnataka,-,-,129,17,425,198696
1206,22-04-2020,5:00 PM,Kerala,-,-,323,3,427,199123
1207,22-04-2020,5:00 PM,Ladakh,-,-,14,0,18,199141
1208,22-04-2020,5:00 PM,Madhya Pradesh,-,-,148,80,1592,200733
1209,22-04-2020,5:00 PM,Maharashtra,-,-,722,251,5221,205954
1210,22-04-2020,5:00 PM,Manipur,-,-,2,0,2,205956
1211,22-04-2020,5:00 PM,Meghalaya,-,-,0,1,12,205968
1212,22-04-2020,5:00 PM,Mizoram,-,-,0,0,1,205969
1213,22-04-2020,5:00 PM,Odisha,-,-,30,1,82,206051
1214,22-04-2020,5:00 PM,Puducherry,-,-,3,0,7,206058
1215,22-04-2020,5:00 PM,Punjab,-,-,49,16,251,206309
1216,22-04-2020,5:00 PM,Rajasthan,-,-,230,25,1801,208110
1217,22-04-2020,5:00 PM,Tamil Nadu,-,-,635,18,1596,209706
1218,22-04-2020,5:00 PM,Telengana,-,-,194,23,945,210651
1219,22-04-2020,5:00 PM,Tripura,-,-,1,0,2,210653
1220,22-04-2020,5:00 PM,Uttarakhand,-,-,19,0,46,210699
1221,22-04-2020,5:00 PM,Uttar Pradesh,-,-,165,21,1412,212111
1222,22-04-2020,5:00 PM,West Bengal,-,-,73,15,423,212534
1223,23-04-2020,5:00 PM,Andaman and Nicobar Islands,-,-,11,0,18,212552
1224,23-04-2020,5:00 PM,Andhra Pradesh,-,-,141,27,895,213447
1225,23-04-2020,5:00 PM,Arunachal Pradesh,-,-,1,0,1,213448
1226,23-04-2020,5:00 PM,Assam,-,-,19,1,35,213483
1227,23-04-2020,5:00 PM,Bihar,-,-,46,2,148,213631
1228,23-04-2020,5:00 PM,Chandigarh,-,-,14,0,27,213658
1229,23-04-2020,5:00 PM,Chhattisgarh,-,-,28,0,36,213694
1230,23-04-2020,5:00 PM,Delhi,-,-,724,48,2248,215942
1231,23-04-2020,5:00 PM,Goa,-,-,7,0,7,215949
1232,23-04-2020,5:00 PM,Gujarat,-,-,179,103,2407,218356
1233,23-04-2020,5:00 PM,Haryana,-,-,140,3,262,218618
1234,23-04-2020,5:00 PM,Himachal Pradesh,-,-,18,1,40,218658
1235,23-04-2020,5:00 PM,Jammu and Kashmir,-,-,92,5,407,219065
1236,23-04-2020,5:00 PM,Jharkhand,-,-,8,3,49,219114
1237,23-04-2020,5:00 PM,Karnataka,-,-,141,17,443,219557
1238,23-04-2020,5:00 PM,Kerala,-,-,324,3,438,219995
1239,23-04-2020,5:00 PM,Ladakh,-,-,14,0,18,220013
1240,23-04-2020,5:00 PM,Madhya Pradesh,-,-,148,81,1695,221708
1241,23-04-2020,5:00 PM,Maharashtra,-,-,789,269,5652,227360
1242,23-04-2020,5:00 PM,Manipur,-,-,2,0,2,227362
1243,23-04-2020,5:00 PM,Meghalaya,-,-,0,1,12,227374
1244,23-04-2020,5:00 PM,Mizoram,-,-,0,0,1,227375
1245,23-04-2020,5:00 PM,Odisha,-,-,32,1,83,227458
1246,23-04-2020,5:00 PM,Puducherry,-,-,3,0,7,227465
1247,23-04-2020,5:00 PM,Punjab,-,-,65,16,277,227742
1248,23-04-2020,5:00 PM,Rajasthan,-,-,230,27,1890,229632
1249,23-04-2020,5:00 PM,Tamil Nadu,-,-,662,18,1629,231261
1250,23-04-2020,5:00 PM,Telengana,-,-,197,24,960,232221
1251,23-04-2020,5:00 PM,Tripura,-,-,1,0,2,232223
1252,23-04-2020,5:00 PM,Uttarakhand,-,-,23,0,46,232269
1253,23-04-2020,5:00 PM,Uttar Pradesh,-,-,187,21,1509,233778
1254,23-04-2020,5:00 PM,West Bengal,-,-,79,15,456,234234
1255,24-04-2020,5:00 PM,Andaman and Nicobar Islands,-,-,11,0,22,234256
1256,24-04-2020,5:00 PM,Andhra Pradesh,-,-,145,29,955,235211
1257,24-04-2020,5:00 PM,Arunachal Pradesh,-,-,1,0,1,235212
1258,24-04-2020,5:00 PM,Assam,-,-,19,1,36,235248
1259,24-04-2020,5:00 PM,Bihar,-,-,46,2,176,235424
1260,24-04-2020,5:00 PM,Chandigarh,-,-,14,0,27,235451
1261,24-04-2020,5:00 PM,Chhattisgarh,-,-,28,0,36,235487
1262,24-04-2020,5:00 PM,Delhi,-,-,808,50,2376,237863
1263,24-04-2020,5:00 PM,Goa,-,-,7,0,7,237870
1264,24-04-2020,5:00 PM,Gujarat,-,-,258,112,2624,240494
1265,24-04-2020,5:00 PM,Haryana,-,-,156,3,272,240766
1266,24-04-2020,5:00 PM,Himachal Pradesh,-,-,18,1,40,240806
1267,24-04-2020,5:00 PM,Jammu and Kashmir,-,-,92,5,427,241233
1268,24-04-2020,5:00 PM,Jharkhand,-,-,8,3,55,241288
1269,24-04-2020,5:00 PM,Karnataka,-,-,150,18,463,241751
1270,24-04-2020,5:00 PM,Kerala,-,-,324,3,448,242199
1271,24-04-2020,5:00 PM,Ladakh,-,-,14,0,18,242217
1272,24-04-2020,5:00 PM,Madhya Pradesh,-,-,203,83,1852,244069
1273,24-04-2020,5:00 PM,Maharashtra,-,-,840,283,6430,250499
1274,24-04-2020,5:00 PM,Manipur,-,-,2,0,2,250501
1275,24-04-2020,5:00 PM,Meghalaya,-,-,0,1,12,250513
1276,24-04-2020,5:00 PM,Mizoram,-,-,0,0,1,250514
1277,24-04-2020,5:00 PM,Odisha,-,-,33,1,90,250604
1278,24-04-2020,5:00 PM,Puducherry,-,-,3,0,7,250611
1279,24-04-2020,5:00 PM,Punjab,-,-,65,16,277,250888
1280,24-04-2020,5:00 PM,Rajasthan,-,-,230,27,1964,252852
1281,24-04-2020,5:00 PM,Tamil Nadu,-,-,752,20,1683,254535
1282,24-04-2020,5:00 PM,Telengana,-,-,253,26,984,255519
1283,24-04-2020,5:00 PM,Tripura,-,-,1,0,2,255521
1284,24-04-2020,5:00 PM,Uttarakhand,-,-,24,0,47,255568
1285,24-04-2020,5:00 PM,Uttar Pradesh,-,-,206,24,1604,257172
1286,24-04-2020,5:00 PM,West Bengal,-,-,103,15,514,257686
1287,25-04-2020,5:00 PM,Andaman and Nicobar Islands,-,-,11,0,27,257713
1288,25-04-2020,5:00 PM,Andhra Pradesh,-,-,171,31,1061,258774
1289,25-04-2020,5:00 PM,Arunachal Pradesh,-,-,1,0,1,258775
1290,25-04-2020,5:00 PM,Assam,-,-,19,1,36,258811
1291,25-04-2020,5:00 PM,Bihar,-,-,46,2,228,259039
1292,25-04-2020,5:00 PM,Chandigarh,-,-,15,0,28,259067
1293,25-04-2020,5:00 PM,Chhattisgarh,-,-,30,0,36,259103
1294,25-04-2020,5:00 PM,Delhi,-,-,857,53,2514,261617
1295,25-04-2020,5:00 PM,Goa,-,-,7,0,7,261624
1296,25-04-2020,5:00 PM,Gujarat,-,-,265,127,2815,264439
1297,25-04-2020,5:00 PM,Haryana,-,-,156,3,272,264711
1298,25-04-2020,5:00 PM,Himachal Pradesh,-,-,18,1,40,264751
1299,25-04-2020,5:00 PM,Jammu and Kashmir,-,-,109,5,454,265205
1300,25-04-2020,5:00 PM,Jharkhand,-,-,9,3,59,265264
1301,25-04-2020,5:00 PM,Karnataka,-,-,153,18,489,265753
1302,25-04-2020,5:00 PM,Kerala,-,-,331,4,451,266204
1303,25-04-2020,5:00 PM,Ladakh,-,-,14,0,20,266224
1304,25-04-2020,5:00 PM,Madhya Pradesh,-,-,210,92,1952,268176
1305,25-04-2020,5:00 PM,Maharashtra,-,-,957,301,6817,274993
1306,25-04-2020,5:00 PM,Manipur,-,-,2,0,2,274995
1307,25-04-2020,5:00 PM,Meghalaya,-,-,0,1,12,275007
1308,25-04-2020,5:00 PM,Mizoram,-,-,0,0,1,275008
1309,25-04-2020,5:00 PM,Odisha,-,-,33,1,94,275102
1310,25-04-2020,5:00 PM,Puducherry,-,-,3,0,7,275109
1311,25-04-2020,5:00 PM,Punjab,-,-,67,17,298,275407
1312,25-04-2020,5:00 PM,Rajasthan,-,-,230,27,2034,277441
1313,25-04-2020,5:00 PM,Tamil Nadu,-,-,866,22,1755,279196
1314,25-04-2020,5:00 PM,Telengana,-,-,253,26,984,280180
1315,25-04-2020,5:00 PM,Tripura,-,-,1,0,2,280182
1316,25-04-2020,5:00 PM,Uttarakhand,-,-,25,0,48,280230
1317,25-04-2020,5:00 PM,Uttar Pradesh,-,-,248,26,1778,282008
1318,25-04-2020,5:00 PM,West Bengal,-,-,103,18,571,282579
1319,26-04-2020,5:00 PM,Andaman and Nicobar Islands,-,-,11,0,33,282612
1320,26-04-2020,5:00 PM,Andhra Pradesh,-,-,231,31,1097,283709
1321,26-04-2020,5:00 PM,Arunachal Pradesh,-,-,1,0,1,283710
1322,26-04-2020,5:00 PM,Assam,-,-,19,1,36,283746
1323,26-04-2020,5:00 PM,Bihar,-,-,46,2,251,283997
1324,26-04-2020,5:00 PM,Chandigarh,-,-,17,0,30,284027
1325,26-04-2020,5:00 PM,Chhattisgarh,-,-,32,0,37,284064
1326,26-04-2020,5:00 PM,Delhi,-,-,869,54,2625,286689
1327,26-04-2020,5:00 PM,Goa,-,-,7,0,7,286696
1328,26-04-2020,5:00 PM,Gujarat,-,-,282,133,3071,289767
1329,26-04-2020,5:00 PM,Haryana,-,-,176,3,289,290056
1330,26-04-2020,5:00 PM,Himachal Pradesh,-,-,22,1,40,290096
1331,26-04-2020,5:00 PM,Jammu and Kashmir,-,-,112,6,494,290590
1332,26-04-2020,5:00 PM,Jharkhand,-,-,13,3,67,290657
1333,26-04-2020,5:00 PM,Karnataka,-,-,177,18,501,291158
1334,26-04-2020,5:00 PM,Kerala,-,-,338,4,458,291616
1335,26-04-2020,5:00 PM,Ladakh,-,-,14,0,20,291636
1336,26-04-2020,5:00 PM,Madhya Pradesh,-,-,210,99,2096,293732
1337,26-04-2020,5:00 PM,Maharashtra,-,-,1076,323,7628,301360
1338,26-04-2020,5:00 PM,Manipur,-,-,2,0,2,301362
1339,26-04-2020,5:00 PM,Meghalaya,-,-,0,1,12,301374
1340,26-04-2020,5:00 PM,Mizoram,-,-,0,0,1,301375
1341,26-04-2020,5:00 PM,Odisha,-,-,34,1,103,301478
1342,26-04-2020,5:00 PM,Puducherry,-,-,3,0,7,301485
1343,26-04-2020,5:00 PM,Punjab,-,-,67,17,298,301783
1344,26-04-2020,5:00 PM,Rajasthan,-,-,493,33,2083,303866
1345,26-04-2020,5:00 PM,Tamil Nadu,-,-,960,23,1821,305687
1346,26-04-2020,5:00 PM,Telengana,-,-,280,26,991,306678
1347,26-04-2020,5:00 PM,Tripura,-,-,2,0,2,306680
1348,26-04-2020,5:00 PM,Uttarakhand,-,-,26,0,50,306730
1349,26-04-2020,5:00 PM,Uttar Pradesh,-,-,289,29,1843,308573
1350,26-04-2020,5:00 PM,West Bengal,-,-,105,18,611,309184
1351,27-04-2020,5:00 PM,Andaman and Nicobar Islands,-,-,11,0,33,309217
1352,27-04-2020,5:00 PM,Andhra Pradesh,-,-,235,31,1177,310394
1353,27-04-2020,5:00 PM,Arunachal Pradesh,-,-,1,0,1,310395
1354,27-04-2020,5:00 PM,Assam,-,-,27,1,36,310431
1355,27-04-2020,5:00 PM,Bihar,-,-,56,2,277,310708
1356,27-04-2020,5:00 PM,Chandigarh,-,-,17,0,30,310738
1357,27-04-2020,5:00 PM,Chhattisgarh,-,-,32,0,37,310775
1358,27-04-2020,5:00 PM,Delhi,-,-,877,54,2918,313693
1359,27-04-2020,5:00 PM,Goa,-,-,7,0,7,313700
1360,27-04-2020,5:00 PM,Gujarat,-,-,313,151,3301,317001
1361,27-04-2020,5:00 PM,Haryana,-,-,176,3,289,317290
1362,27-04-2020,5:00 PM,Himachal Pradesh,-,-,22,1,40,317330
1363,27-04-2020,5:00 PM,Jammu and Kashmir,-,-,137,6,523,317853
1364,27-04-2020,5:00 PM,Jharkhand,-,-,13,3,82,317935
1365,27-04-2020,5:00 PM,Karnataka,-,-,188,20,511,318446
1366,27-04-2020,5:00 PM,Kerala,-,-,342,4,469,318915
1367,27-04-2020,5:00 PM,Ladakh,-,-,14,0,20,318935
1368,27-04-2020,5:00 PM,Madhya Pradesh,-,-,302,106,2168,321103
1369,27-04-2020,5:00 PM,Maharashtra,-,-,1188,342,8068,329171
1370,27-04-2020,5:00 PM,Manipur,-,-,2,0,2,329173
1371,27-04-2020,5:00 PM,Meghalaya,-,-,0,1,12,329185
1372,27-04-2020,5:00 PM,Mizoram,-,-,0,0,1,329186
1373,27-04-2020,5:00 PM,Odisha,-,-,35,1,108,329294
1374,27-04-2020,5:00 PM,Puducherry,-,-,3,0,8,329302
1375,27-04-2020,5:00 PM,Punjab,-,-,71,18,313,329615
1376,27-04-2020,5:00 PM,Rajasthan,-,-,518,41,2185,331800
1377,27-04-2020,5:00 PM,Tamil Nadu,-,-,1020,24,1885,333685
1378,27-04-2020,5:00 PM,Telengana,-,-,280,26,1002,334687
1379,27-04-2020,5:00 PM,Tripura,-,-,2,0,2,334689
1380,27-04-2020,5:00 PM,Uttarakhand,-,-,33,0,51,334740
1381,27-04-2020,5:00 PM,Uttar Pradesh,-,-,335,31,1955,336695
1382,27-04-2020,5:00 PM,West Bengal,-,-,105,20,649,337344
1383,28-04-2020,5:00 PM,Andaman and Nicobar Islands,-,-,11,0,33,337377
1384,28-04-2020,5:00 PM,Andhra Pradesh,-,-,258,31,1259,338636
1385,28-04-2020,5:00 PM,Arunachal Pradesh,-,-,1,0,1,338637
1386,28-04-2020,5:00 PM,Assam,-,-,27,1,38,338675
1387,28-04-2020,5:00 PM,Bihar,-,-,57,2,346,339021
1388,28-04-2020,5:00 PM,Chandigarh,-,-,17,0,40,339061
1389,28-04-2020,5:00 PM,Chhattisgarh,-,-,32,0,37,339098
1390,28-04-2020,5:00 PM,Delhi,-,-,877,54,3108,342206
1391,28-04-2020,5:00 PM,Goa,-,-,7,0,7,342213
1392,28-04-2020,5:00 PM,Gujarat,-,-,394,162,3548,345761
1393,28-04-2020,5:00 PM,Haryana,-,-,183,3,296,346057
1394,28-04-2020,5:00 PM,Himachal Pradesh,-,-,22,1,40,346097
1395,28-04-2020,5:00 PM,Jammu and Kashmir,-,-,164,7,546,346643
1396,28-04-2020,5:00 PM,Jharkhand,-,-,17,3,103,346746
1397,28-04-2020,5:00 PM,Karnataka,-,-,198,20,520,347266
1398,28-04-2020,5:00 PM,Kerala,-,-,355,4,482,347748
1399,28-04-2020,5:00 PM,Ladakh,-,-,16,0,22,347770
1400,28-04-2020,5:00 PM,Madhya Pradesh,-,-,361,113,2368,350138
1401,28-04-2020,5:00 PM,Maharashtra,-,-,1282,369,8590,358728
1402,28-04-2020,5:00 PM,Manipur,-,-,2,0,2,358730
1403,28-04-2020,5:00 PM,Meghalaya,-,-,0,1,12,358742
1404,28-04-2020,5:00 PM,Mizoram,-,-,0,0,1,358743
1405,28-04-2020,5:00 PM,Odisha,-,-,37,1,118,358861
1406,28-04-2020,5:00 PM,Puducherry,-,-,3,0,8,358869
1407,28-04-2020,5:00 PM,Punjab,-,-,71,18,313,359182
1408,28-04-2020,5:00 PM,Rajasthan,-,-,669,46,2262,361444
1409,28-04-2020,5:00 PM,Tamil Nadu,-,-,1101,24,1937,363381
1410,28-04-2020,5:00 PM,Telengana,-,-,321,26,1004,364385
1411,28-04-2020,5:00 PM,Tripura,-,-,2,0,2,364387
1412,28-04-2020,5:00 PM,Uttarakhand,-,-,33,0,51,364438
1413,28-04-2020,5:00 PM,Uttar Pradesh,-,-,400,31,2043,366481
1414,28-04-2020,5:00 PM,West Bengal,-,-,109,20,697,367178
1415,29-04-2020,5:00 PM,Andaman and Nicobar Islands,-,-,15,0,33,367211
1416,29-04-2020,5:00 PM,Andhra Pradesh,-,-,287,31,1332,368543
1417,29-04-2020,5:00 PM,Arunachal Pradesh,-,-,1,0,1,368544
1418,29-04-2020,5:00 PM,Assam,-,-,27,1,38,368582
1419,29-04-2020,5:00 PM,Bihar,-,-,64,2,383,368965
1420,29-04-2020,5:00 PM,Chandigarh,-,-,17,0,56,369021
1421,29-04-2020,5:00 PM,Chhattisgarh,-,-,34,0,38,369059
1422,29-04-2020,5:00 PM,Delhi,-,-,1078,54,3314,372373
1423,29-04-2020,5:00 PM,Goa,-,-,7,0,7,372380
1424,29-04-2020,5:00 PM,Gujarat,-,-,434,181,3774,376154
1425,29-04-2020,5:00 PM,Haryana,-,-,209,3,310,376464
1426,29-04-2020,5:00 PM,Himachal Pradesh,-,-,25,1,40,376504
1427,29-04-2020,5:00 PM,Jammu and Kashmir,-,-,176,8,565,377069
1428,29-04-2020,5:00 PM,Jharkhand,-,-,19,3,105,377174
1429,29-04-2020,5:00 PM,Karnataka,-,-,215,20,532,377706
1430,29-04-2020,5:00 PM,Kerala,-,-,359,4,486,378192
1431,29-04-2020,5:00 PM,Ladakh,-,-,16,0,22,378214
1432,29-04-2020,5:00 PM,Madhya Pradesh,-,-,377,119,2561,380775
1433,29-04-2020,5:00 PM,Maharashtra,-,-,1388,400,9318,390093
1434,29-04-2020,5:00 PM,Manipur,-,-,2,0,2,390095
1435,29-04-2020,5:00 PM,Meghalaya,-,-,0,1,12,390107
1436,29-04-2020,5:00 PM,Mizoram,-,-,0,0,1,390108
1437,29-04-2020,5:00 PM,Odisha,-,-,38,1,119,390227
1438,29-04-2020,5:00 PM,Puducherry,-,-,3,0,8,390235
1439,29-04-2020,5:00 PM,Punjab,-,-,71,19,322,390557
1440,29-04-2020,5:00 PM,Rajasthan,-,-,768,51,2364,392921
1441,29-04-2020,5:00 PM,Tamil Nadu,-,-,1168,25,2058,394979
1442,29-04-2020,5:00 PM,Telengana,-,-,367,26,1012,395991
1443,29-04-2020,5:00 PM,Tripura,-,-,2,0,2,395993
1444,29-04-2020,5:00 PM,Uttarakhand,-,-,34,0,54,396047
1445,29-04-2020,5:00 PM,Uttar Pradesh,-,-,477,36,2115,398162
1446,29-04-2020,5:00 PM,West Bengal,-,-,119,22,725,398887
1447,30-04-2020,5:00 PM,Andaman and Nicobar Islands,-,-,15,0,33,398920
1448,30-04-2020,5:00 PM,Andhra Pradesh,-,-,321,31,1403,400323
1449,30-04-2020,5:00 PM,Arunachal Pradesh,-,-,1,0,1,400324
1450,30-04-2020,5:00 PM,Assam,-,-,29,1,42,400366
1451,30-04-2020,5:00 PM,Bihar,-,-,65,2,403,400769
1452,30-04-2020,5:00 PM,Chandigarh,-,-,17,0,56,400825
1453,30-04-2020,5:00 PM,Chhattisgarh,-,-,36,0,38,400863
1454,30-04-2020,5:00 PM,Delhi,-,-,1092,56,3439,404302
1455,30-04-2020,5:00 PM,Goa,-,-,7,0,7,404309
1456,30-04-2020,5:00 PM,Gujarat,-,-,527,197,4082,408391
1457,30-04-2020,5:00 PM,Haryana,-,-,209,3,310,408701
1458,30-04-2020,5:00 PM,Himachal Pradesh,-,-,25,1,40,408741
1459,30-04-2020,5:00 PM,Jammu and Kashmir,-,-,192,8,581,409322
1460,30-04-2020,5:00 PM,Jharkhand,-,-,19,3,107,409429
1461,30-04-2020,5:00 PM,Karnataka,-,-,223,21,557,409986
1462,30-04-2020,5:00 PM,Kerala,-,-,369,4,496,410482
1463,30-04-2020,5:00 PM,Ladakh,-,-,16,0,22,410504
1464,30-04-2020,5:00 PM,Madhya Pradesh,-,-,461,130,2660,413164
1465,30-04-2020,5:00 PM,Maharashtra,-,-,1593,432,9915,423079
1466,30-04-2020,5:00 PM,Manipur,-,-,2,0,2,423081
1467,30-04-2020,5:00 PM,Meghalaya,-,-,0,1,12,423093
1468,30-04-2020,5:00 PM,Mizoram,-,-,0,0,1,423094
1469,30-04-2020,5:00 PM,Odisha,-,-,39,1,128,423222
1470,30-04-2020,5:00 PM,Puducherry,-,-,5,0,8,423230
1471,30-04-2020,5:00 PM,Punjab,-,-,90,19,357,423587
1472,30-04-2020,5:00 PM,Rajasthan,-,-,768,51,2438,426025
1473,30-04-2020,5:00 PM,Tamil Nadu,-,-,1210,27,2162,428187
1474,30-04-2020,5:00 PM,Telengana,-,-,367,26,1012,429199
1475,30-04-2020,5:00 PM,Tripura,-,-,2,0,2,429201
1476,30-04-2020,5:00 PM,Uttarakhand,-,-,36,0,55,429256
1477,30-04-2020,5:00 PM,Uttar Pradesh,-,-,513,39,2203,431459
1478,30-04-2020,5:00 PM,West Bengal,-,-,124,22,758,432217
1479,01-05-2020,5:00 PM,Andaman and Nicobar Islands,-,-,16,0,33,432250
1480,01-05-2020,5:00 PM,Andhra Pradesh,-,-,403,33,1463,433713
1481,01-05-2020,5:00 PM,Arunachal Pradesh,-,-,1,0,1,433714
1482,01-05-2020,5:00 PM,Assam,-,-,29,1,42,433756
1483,01-05-2020,5:00 PM,Bihar,-,-,82,2,426,434182
1484,01-05-2020,5:00 PM,Chandigarh,-,-,17,0,56,434238
1485,01-05-2020,5:00 PM,Chhattisgarh,-,-,36,0,40,434278
1486,01-05-2020,5:00 PM,Delhi,-,-,1094,59,3515,437793
1487,01-05-2020,5:00 PM,Goa,-,-,7,0,7,437800
1488,01-05-2020,5:00 PM,Gujarat,-,-,613,214,4395,442195
1489,01-05-2020,5:00 PM,Haryana,-,-,209,3,313,442508
1490,01-05-2020,5:00 PM,Himachal Pradesh,-,-,28,1,40,442548
1491,01-05-2020,5:00 PM,Jammu and Kashmir,-,-,216,8,614,443162
1492,01-05-2020,5:00 PM,Jharkhand,-,-,20,3,111,443273
1493,01-05-2020,5:00 PM,Karnataka,-,-,235,22,576,443849
1494,01-05-2020,5:00 PM,Kerala,-,-,383,4,497,444346
1495,01-05-2020,5:00 PM,Ladakh,-,-,16,0,22,444368
1496,01-05-2020,5:00 PM,Madhya Pradesh,-,-,482,137,2719,447087
1497,01-05-2020,5:00 PM,Maharashtra,-,-,1773,459,10498,457585
1498,01-05-2020,5:00 PM,Manipur,-,-,2,0,2,457587
1499,01-05-2020,5:00 PM,Meghalaya,-,-,0,1,12,457599
1500,01-05-2020,5:00 PM,Mizoram,-,-,0,0,1,457600
1501,01-05-2020,5:00 PM,Odisha,-,-,41,1,143,457743
1502,01-05-2020,5:00 PM,Puducherry,-,-,5,0,8,457751
1503,01-05-2020,5:00 PM,Punjab,-,-,90,19,357,458108
1504,01-05-2020,5:00 PM,Rajasthan,-,-,836,58,2584,460692
1505,01-05-2020,5:00 PM,Tamil Nadu,-,-,1258,27,2323,463015
1506,01-05-2020,5:00 PM,Telengana,-,-,441,26,1039,464054
1507,01-05-2020,5:00 PM,Tripura,-,-,2,0,2,464056
1508,01-05-2020,5:00 PM,Uttarakhand,-,-,36,0,57,464113
1509,01-05-2020,5:00 PM,Uttar Pradesh,-,-,555,41,2281,466394
1510,01-05-2020,5:00 PM,West Bengal,-,-,139,33,795,467189
1511,02-05-2020,5:00 PM,Andaman and Nicobar Islands,-,-,16,0,33,467222
1512,02-05-2020,5:00 PM,Andhra Pradesh,-,-,403,33,1463,468685
1513,02-05-2020,5:00 PM,Arunachal Pradesh,-,-,1,0,1,468686
1514,02-05-2020,5:00 PM,Assam,-,-,32,1,43,468729
1515,02-05-2020,5:00 PM,Bihar,-,-,98,3,471,469200
1516,02-05-2020,5:00 PM,Chandigarh,-,-,17,0,88,469288
1517,02-05-2020,5:00 PM,Chhattisgarh,-,-,36,0,43,469331
1518,02-05-2020,5:00 PM,Delhi,-,-,1167,61,3738,473069
1519,02-05-2020,5:00 PM,Goa,-,-,7,0,7,473076
1520,02-05-2020,5:00 PM,Gujarat,-,-,735,236,4721,477797
1521,02-05-2020,5:00 PM,Haryana,-,-,227,4,360,478157
1522,02-05-2020,5:00 PM,Himachal Pradesh,-,-,30,1,40,478197
1523,02-05-2020,5:00 PM,Jammu and Kashmir,-,-,247,8,639,478836
1524,02-05-2020,5:00 PM,Jharkhand,-,-,20,3,111,478947
1525,02-05-2020,5:00 PM,Karnataka,-,-,251,22,589,479536
1526,02-05-2020,5:00 PM,Kerala,-,-,392,4,497,480033
1527,02-05-2020,5:00 PM,Ladakh,-,-,17,0,22,480055
1528,02-05-2020,5:00 PM,Madhya Pradesh,-,-,524,145,2719,482774
1529,02-05-2020,5:00 PM,Maharashtra,-,-,1879,485,11506,494280
1530,02-05-2020,5:00 PM,Manipur,-,-,2,0,2,494282
1531,02-05-2020,5:00 PM,Meghalaya,-,-,0,1,12,494294
1532,02-05-2020,5:00 PM,Mizoram,-,-,0,0,1,494295
1533,02-05-2020,5:00 PM,Odisha,-,-,55,1,149,494444
1534,02-05-2020,5:00 PM,Puducherry,-,-,5,0,8,494452
1535,02-05-2020,5:00 PM,Punjab,-,-,90,19,480,494932
1536,02-05-2020,5:00 PM,Rajasthan,-,-,1116,62,2666,497598
1537,02-05-2020,5:00 PM,Tamil Nadu,-,-,1312,28,2526,500124
1538,02-05-2020,5:00 PM,Telengana,-,-,441,26,1039,501163
1539,02-05-2020,5:00 PM,Tripura,-,-,2,0,2,501165
1540,02-05-2020,5:00 PM,Uttarakhand,-,-,36,0,58,501223
1541,02-05-2020,5:00 PM,Uttar Pradesh,-,-,654,42,2328,503551
1542,02-05-2020,5:00 PM,West Bengal,-,-,139,33,795,504346
1543,03-05-2020,5:00 PM,Andaman and Nicobar Islands,-,-,17,0,33,504379
1544,03-05-2020,5:00 PM,Andhra Pradesh,-,-,488,33,1583,505962
1545,03-05-2020,5:00 PM,Arunachal Pradesh,-,-,1,0,1,505963
1546,03-05-2020,5:00 PM,Assam,-,-,32,1,43,506006
1547,03-05-2020,5:00 PM,Bihar,-,-,117,4,482,506488
1548,03-05-2020,5:00 PM,Chandigarh,-,-,19,0,94,506582
1549,03-05-2020,5:00 PM,Chhattisgarh,-,-,36,0,43,506625
1550,03-05-2020,5:00 PM,Delhi,-,-,1256,64,4122,510747
1551,03-05-2020,5:00 PM,Goa,-,-,7,0,7,510754
1552,03-05-2020,5:00 PM,Gujarat,-,-,896,262,5055,515809
1553,03-05-2020,5:00 PM,Haryana,-,-,227,4,394,516203
1554,03-05-2020,5:00 PM,Himachal Pradesh,-,-,33,1,40,516243
1555,03-05-2020,5:00 PM,Jammu and Kashmir,-,-,254,8,666,516909
1556,03-05-2020,5:00 PM,Jharkhand,-,-,22,3,115,517024
1557,03-05-2020,5:00 PM,Karnataka,-,-,282,25,606,517630
1558,03-05-2020,5:00 PM,Kerala,-,-,400,4,500,518130
1559,03-05-2020,5:00 PM,Ladakh,-,-,17,0,40,518170
1560,03-05-2020,5:00 PM,Madhya Pradesh,-,-,798,156,2846,521016
1561,03-05-2020,5:00 PM,Maharashtra,-,-,2000,521,12296,533312
1562,03-05-2020,5:00 PM,Manipur,-,-,2,0,2,533314
1563,03-05-2020,5:00 PM,Meghalaya,-,-,0,1,12,533326
1564,03-05-2020,5:00 PM,Mizoram,-,-,0,0,1,533327
1565,03-05-2020,5:00 PM,Odisha,-,-,56,1,160,533487
1566,03-05-2020,5:00 PM,Puducherry,-,-,5,0,8,533495
1567,03-05-2020,5:00 PM,Punjab,-,-,112,20,772,534267
1568,03-05-2020,5:00 PM,Rajasthan,-,-,1121,65,2772,537039
1569,03-05-2020,5:00 PM,Tamil Nadu,-,-,1341,29,2757,539796
1570,03-05-2020,5:00 PM,Telengana,-,-,458,28,1063,540859
1571,03-05-2020,5:00 PM,Tripura,-,-,2,0,4,540863
1572,03-05-2020,5:00 PM,Uttarakhand,-,-,39,0,59,540922
1573,03-05-2020,5:00 PM,Uttar Pradesh,-,-,698,43,2626,543548
1574,03-05-2020,5:00 PM,West Bengal,-,-,151,33,922,544470
1575,04-05-2020,5:00 PM,Andaman and Nicobar Islands,-,-,32,0,33,544503
1576,04-05-2020,5:00 PM,Andhra Pradesh,-,-,524,36,1650,546153
1577,04-05-2020,5:00 PM,Arunachal Pradesh,-,-,1,0,1,546154
1578,04-05-2020,5:00 PM,Assam,-,-,32,1,43,546197
1579,04-05-2020,5:00 PM,Bihar,-,-,125,4,517,546714
1580,04-05-2020,5:00 PM,Chandigarh,-,-,19,0,94,546808
1581,04-05-2020,5:00 PM,Chhattisgarh,-,-,36,0,57,546865
1582,04-05-2020,5:00 PM,Delhi,-,-,1362,64,4549,551414
1583,04-05-2020,5:00 PM,Goa,-,-,7,0,7,551421
1584,04-05-2020,5:00 PM,Gujarat,-,-,1042,290,5428,556849
1585,04-05-2020,5:00 PM,Haryana,-,-,245,5,442,557291
1586,04-05-2020,5:00 PM,Himachal Pradesh,-,-,34,1,40,557331
1587,04-05-2020,5:00 PM,Jammu and Kashmir,-,-,287,8,701,558032
1588,04-05-2020,5:00 PM,Jharkhand,-,-,22,3,115,558147
1589,04-05-2020,5:00 PM,Karnataka,-,-,304,26,642,558789
1590,04-05-2020,5:00 PM,Kerala,-,-,401,4,500,559289
1591,04-05-2020,5:00 PM,Ladakh,-,-,17,0,41,559330
1592,04-05-2020,5:00 PM,Madhya Pradesh,-,-,798,165,2942,562272
1593,04-05-2020,5:00 PM,Maharashtra,-,-,2115,548,12974,575246
1594,04-05-2020,5:00 PM,Manipur,-,-,2,0,2,575248
1595,04-05-2020,5:00 PM,Meghalaya,-,-,0,1,12,575260
1596,04-05-2020,5:00 PM,Mizoram,-,-,0,0,1,575261
1597,04-05-2020,5:00 PM,Odisha,-,-,60,1,163,575424
1598,04-05-2020,5:00 PM,Puducherry,-,-,5,0,8,575432
1599,04-05-2020,5:00 PM,Punjab,-,-,117,21,1102,576534
1600,04-05-2020,5:00 PM,Rajasthan,-,-,1356,71,2886,579420
1601,04-05-2020,5:00 PM,Tamil Nadu,-,-,1379,30,3023,582443
1602,04-05-2020,5:00 PM,Telengana,-,-,490,29,1082,583525
1603,04-05-2020,5:00 PM,Tripura,-,-,2,0,16,583541
1604,04-05-2020,5:00 PM,Uttarakhand,-,-,39,1,60,583601
1605,04-05-2020,5:00 PM,Uttar Pradesh,-,-,758,45,2742,586343
1606,04-05-2020,5:00 PM,West Bengal,-,-,151,35,963,587306
1607,05-05-2020,5:00 PM,Andaman and Nicobar Islands,-,-,32,0,33,587339
1608,05-05-2020,5:00 PM,Andhra Pradesh,-,-,589,36,1717,589056
1609,05-05-2020,5:00 PM,Arunachal Pradesh,-,-,1,0,1,589057
1610,05-05-2020,5:00 PM,Assam,-,-,32,1,43,589100
1611,05-05-2020,5:00 PM,Bihar,-,-,130,4,529,589629
1612,05-05-2020,5:00 PM,Chandigarh,-,-,21,1,102,589731
1613,05-05-2020,5:00 PM,Chhattisgarh,-,-,36,0,58,589789
1614,05-05-2020,5:00 PM,Delhi,-,-,1431,64,4898,594687
1615,05-05-2020,5:00 PM,Goa,-,-,7,0,7,594694
1616,05-05-2020,5:00 PM,Gujarat,-,-,1195,319,5804,600498
1617,05-05-2020,5:00 PM,Haryana,-,-,254,6,517,601015
1618,05-05-2020,5:00 PM,Himachal Pradesh,-,-,38,1,41,601056
1619,05-05-2020,5:00 PM,Jammu and Kashmir,-,-,303,8,726,601782
1620,05-05-2020,5:00 PM,Jharkhand,-,-,27,3,115,601897
1621,05-05-2020,5:00 PM,Karnataka,-,-,324,28,659,602556
1622,05-05-2020,5:00 PM,Kerala,-,-,462,4,500,603056
1623,05-05-2020,5:00 PM,Ladakh,-,-,17,0,41,603097
1624,05-05-2020,5:00 PM,Madhya Pradesh,-,-,1000,176,3049,606146
1625,05-05-2020,5:00 PM,Maharashtra,-,-,2465,583,14541,620687
1626,05-05-2020,5:00 PM,Manipur,-,-,2,0,2,620689
1627,05-05-2020,5:00 PM,Meghalaya,-,-,10,1,12,620701
1628,05-05-2020,5:00 PM,Mizoram,-,-,0,0,1,620702
1629,05-05-2020,5:00 PM,Odisha,-,-,60,1,170,620872
1630,05-05-2020,5:00 PM,Puducherry,-,-,6,0,9,620881
1631,05-05-2020,5:00 PM,Punjab,-,-,128,23,1233,622114
1632,05-05-2020,5:00 PM,Rajasthan,-,-,1394,77,3061,625175
1633,05-05-2020,5:00 PM,Tamil Nadu,-,-,1409,31,3550,628725
1634,05-05-2020,5:00 PM,Telengana,-,-,585,29,1085,629810
1635,05-05-2020,5:00 PM,Tripura,-,-,2,0,29,629839
1636,05-05-2020,5:00 PM,Uttarakhand,-,-,39,1,60,629899
1637,05-05-2020,5:00 PM,Uttar Pradesh,-,-,944,53,2859,632758
1638,05-05-2020,5:00 PM,West Bengal,-,-,218,133,1259,634017
1639,06-05-2020,8:00 AM,Andaman and Nicobar Islands,-,-,32,0,33,634050
1640,06-05-2020,8:00 AM,Andhra Pradesh,-,-,589,36,1717,635767
1641,06-05-2020,8:00 AM,Arunachal Pradesh,-,-,1,0,1,635768
1642,06-05-2020,8:00 AM,Assam,-,-,32,1,43,635811
1643,06-05-2020,8:00 AM,Bihar,-,-,142,4,536,636347
1644,06-05-2020,8:00 AM,Chandigarh,-,-,21,1,111,636458
1645,06-05-2020,8:00 AM,Chhattisgarh,-,-,36,0,59,636517
1646,06-05-2020,8:00 AM,Dadar Nagar Haveli,-,-,0,0,1,636518
1647,06-05-2020,8:00 AM,Delhi,-,-,1468,64,5104,641622
1648,06-05-2020,8:00 AM,Goa,-,-,7,0,7,641629
1649,06-05-2020,8:00 AM,Gujarat,-,-,1381,368,6245,647874
1650,06-05-2020,8:00 AM,Haryana,-,-,256,6,548,648422
1651,06-05-2020,8:00 AM,Himachal Pradesh,-,-,38,2,42,648464
1652,06-05-2020,8:00 AM,Jammu and Kashmir,-,-,320,8,741,649205
1653,06-05-2020,8:00 AM,Jharkhand,-,-,33,3,125,649330
1654,06-05-2020,8:00 AM,Karnataka,-,-,331,29,671,650001
1655,06-05-2020,8:00 AM,Kerala,-,-,462,4,502,650503
1656,06-05-2020,8:00 AM,Ladakh,-,-,17,0,41,650544
1657,06-05-2020,8:00 AM,Madhya Pradesh,-,-,1000,176,3049,653593
1658,06-05-2020,8:00 AM,Maharashtra,-,-,2819,617,15525,669118
1659,06-05-2020,8:00 AM,Manipur,-,-,2,0,2,669120
1660,06-05-2020,8:00 AM,Meghalaya,-,-,10,1,12,669132
1661,06-05-2020,8:00 AM,Mizoram,-,-,0,0,1,669133
1662,06-05-2020,8:00 AM,Odisha,-,-,60,1,175,669308
1663,06-05-2020,8:00 AM,Puducherry,-,-,6,0,9,669317
1664,06-05-2020,8:00 AM,Punjab,-,-,133,25,1451,670768
1665,06-05-2020,8:00 AM,Rajasthan,-,-,1525,89,3158,673926
1666,06-05-2020,8:00 AM,Tamil Nadu,-,-,1485,33,4058,677984
1667,06-05-2020,8:00 AM,Telengana,-,-,585,29,1096,679080
1668,06-05-2020,8:00 AM,Tripura,-,-,2,0,43,679123
1669,06-05-2020,8:00 AM,Uttarakhand,-,-,39,1,61,679184
1670,06-05-2020,8:00 AM,Uttar Pradesh,-,-,987,56,2880,682064
1671,06-05-2020,8:00 AM,West Bengal,-,-,364,140,1344,683408
1672,07-05-2020,8:00 AM,Andaman and Nicobar Islands,-,-,32,0,33,683441
1673,07-05-2020,8:00 AM,Andhra Pradesh,-,-,729,36,1777,685218
1674,07-05-2020,8:00 AM,Arunachal Pradesh,-,-,1,0,1,685219
1675,07-05-2020,8:00 AM,Assam,-,-,32,1,45,685264
1676,07-05-2020,8:00 AM,Bihar,-,-,188,4,542,685806
1677,07-05-2020,8:00 AM,Chandigarh,-,-,21,1,120,685926
1678,07-05-2020,8:00 AM,Chhattisgarh,-,-,36,0,59,685985
1679,07-05-2020,8:00 AM,Dadar Nagar Haveli,-,-,0,0,1,685986
1680,07-05-2020,8:00 AM,Delhi,-,-,1542,65,5532,691518
1681,07-05-2020,8:00 AM,Goa,-,-,7,0,7,691525
1682,07-05-2020,8:00 AM,Gujarat,-,-,1500,396,6625,698150
1683,07-05-2020,8:00 AM,Haryana,-,-,260,7,594,698744
1684,07-05-2020,8:00 AM,Himachal Pradesh,-,-,38,2,45,698789
1685,07-05-2020,8:00 AM,Jammu and Kashmir,-,-,322,8,775,699564
1686,07-05-2020,8:00 AM,Jharkhand,-,-,37,3,127,699691
1687,07-05-2020,8:00 AM,Karnataka,-,-,354,29,693,700384
1688,07-05-2020,8:00 AM,Kerala,-,-,469,4,503,700887
1689,07-05-2020,8:00 AM,Ladakh,-,-,17,0,41,700928
1690,07-05-2020,8:00 AM,Madhya Pradesh,-,-,1099,185,3138,704066
1691,07-05-2020,8:00 AM,Maharashtra,-,-,3094,651,16758,720824
1692,07-05-2020,8:00 AM,Manipur,-,-,2,0,2,720826
1693,07-05-2020,8:00 AM,Meghalaya,-,-,10,1,12,720838
1694,07-05-2020,8:00 AM,Mizoram,-,-,0,0,1,720839
1695,07-05-2020,8:00 AM,Odisha,-,-,61,2,185,721024
1696,07-05-2020,8:00 AM,Puducherry,-,-,6,0,9,721033
1697,07-05-2020,8:00 AM,Punjab,-,-,135,27,1516,722549
1698,07-05-2020,8:00 AM,Rajasthan,-,-,1596,92,3317,725866
1699,07-05-2020,8:00 AM,Tamil Nadu,-,-,1516,35,4829,730695
1700,07-05-2020,8:00 AM,Telengana,-,-,628,29,1107,731802
1701,07-05-2020,8:00 AM,Tripura,-,-,2,0,43,731845
1702,07-05-2020,8:00 AM,Uttarakhand,-,-,39,1,61,731906
1703,07-05-2020,8:00 AM,Uttar Pradesh,-,-,1130,60,2998,734904
1704,07-05-2020,8:00 AM,West Bengal,-,-,364,144,1456,736360
1705,08-05-2020,8:00 AM,Andaman and Nicobar Islands,-,-,33,0,33,736393
1706,08-05-2020,8:00 AM,Andhra Pradesh,-,-,780,38,1847,738240
1707,08-05-2020,8:00 AM,Arunachal Pradesh,-,-,1,0,1,738241
1708,08-05-2020,8:00 AM,Assam,-,-,34,1,54,738295
1709,08-05-2020,8:00 AM,Bihar,-,-,246,5,550,738845
1710,08-05-2020,8:00 AM,Chandigarh,-,-,21,1,135,738980
1711,08-05-2020,8:00 AM,Chhattisgarh,-,-,38,0,59,739039
1712,08-05-2020,8:00 AM,Dadar Nagar Haveli,-,-,0,0,1,739040
1713,08-05-2020,8:00 AM,Delhi,-,-,1931,66,5980,745020
1714,08-05-2020,8:00 AM,Goa,-,-,7,0,7,745027
1715,08-05-2020,8:00 AM,Gujarat,-,-,1709,425,7012,752039
1716,08-05-2020,8:00 AM,Haryana,-,-,260,7,625,752664
1717,08-05-2020,8:00 AM,Himachal Pradesh,-,-,38,2,46,752710
1718,08-05-2020,8:00 AM,Jammu and Kashmir,-,-,335,9,793,753503
1719,08-05-2020,8:00 AM,Jharkhand,-,-,41,3,132,753635
1720,08-05-2020,8:00 AM,Karnataka,-,-,366,30,705,754340
1721,08-05-2020,8:00 AM,Kerala,-,-,474,4,503,754843
1722,08-05-2020,8:00 AM,Ladakh,-,-,17,0,42,754885
1723,08-05-2020,8:00 AM,Madhya Pradesh,-,-,1231,193,3252,758137
1724,08-05-2020,8:00 AM,Maharashtra,-,-,3301,694,17974,776111
1725,08-05-2020,8:00 AM,Manipur,-,-,2,0,2,776113
1726,08-05-2020,8:00 AM,Meghalaya,-,-,10,1,12,776125
1727,08-05-2020,8:00 AM,Mizoram,-,-,0,0,1,776126
1728,08-05-2020,8:00 AM,Odisha,-,-,62,2,219,776345
1729,08-05-2020,8:00 AM,Puducherry,-,-,6,0,9,776354
1730,08-05-2020,8:00 AM,Punjab,-,-,149,28,1644,777998
1731,08-05-2020,8:00 AM,Rajasthan,-,-,1596,97,3427,781425
1732,08-05-2020,8:00 AM,Tamil Nadu,-,-,1547,37,5409,786834
1733,08-05-2020,8:00 AM,Telengana,-,-,650,29,1123,787957
1734,08-05-2020,8:00 AM,Tripura,-,-,2,0,65,788022
1735,08-05-2020,8:00 AM,Uttarakhand,-,-,39,1,61,788083
1736,08-05-2020,8:00 AM,Uttar Pradesh,-,-,1250,62,3071,791154
1737,08-05-2020,8:00 AM,West Bengal,-,-,364,151,1548,792702
1738,09-05-2020,8:00 AM,Andaman and Nicobar Islands,-,-,33,0,33,792735
1739,09-05-2020,8:00 AM,Andhra Pradesh,-,-,842,41,1887,794622
1740,09-05-2020,8:00 AM,Arunachal Pradesh,-,-,1,0,1,794623
1741,09-05-2020,8:00 AM,Assam,-,-,34,1,59,794682
1742,09-05-2020,8:00 AM,Bihar,-,-,297,5,571,795253
1743,09-05-2020,8:00 AM,Chandigarh,-,-,21,1,150,795403
1744,09-05-2020,8:00 AM,Chhattisgarh,-,-,38,0,59,795462
1745,09-05-2020,8:00 AM,Dadar Nagar Haveli,-,-,0,0,1,795463
1746,09-05-2020,8:00 AM,Delhi,-,-,2020,68,6318,801781
1747,09-05-2020,8:00 AM,Goa,-,-,7,0,7,801788
1748,09-05-2020,8:00 AM,Gujarat,-,-,1872,449,7402,809190
1749,09-05-2020,8:00 AM,Haryana,-,-,279,8,647,809837
1750,09-05-2020,8:00 AM,Himachal Pradesh,-,-,38,2,50,809887
1751,09-05-2020,8:00 AM,Jammu and Kashmir,-,-,364,9,823,810710
1752,09-05-2020,8:00 AM,Jharkhand,-,-,52,3,132,810842
1753,09-05-2020,8:00 AM,Karnataka,-,-,376,30,753,811595
1754,09-05-2020,8:00 AM,Kerala,-,-,484,4,503,812098
1755,09-05-2020,8:00 AM,Ladakh,-,-,17,0,42,812140
1756,09-05-2020,8:00 AM,Madhya Pradesh,-,-,1349,200,3341,815481
1757,09-05-2020,8:00 AM,Maharashtra,-,-,3470,731,19063,834544
1758,09-05-2020,8:00 AM,Manipur,-,-,2,0,2,834546
1759,09-05-2020,8:00 AM,Meghalaya,-,-,10,1,12,834558
1760,09-05-2020,8:00 AM,Mizoram,-,-,0,0,1,834559
1761,09-05-2020,8:00 AM,Odisha,-,-,63,2,271,834830
1762,09-05-2020,8:00 AM,Puducherry,-,-,6,0,9,834839
1763,09-05-2020,8:00 AM,Punjab,-,-,152,29,1731,836570
1764,09-05-2020,8:00 AM,Rajasthan,-,-,1916,101,3579,840149
1765,09-05-2020,8:00 AM,Tamil Nadu,-,-,1605,40,6009,846158
1766,09-05-2020,8:00 AM,Telengana,-,-,700,29,1133,847291
1767,09-05-2020,8:00 AM,Tripura,-,-,2,0,118,847409
1768,09-05-2020,8:00 AM,Uttarakhand,-,-,46,1,63,847472
1769,09-05-2020,8:00 AM,Uttar Pradesh,-,-,1387,66,3214,850686
1770,09-05-2020,8:00 AM,West Bengal,-,-,364,160,1678,852364
1771,10-05-2020,8:00 AM,Andaman and Nicobar Islands,-,-,33,0,33,852397
1772,10-05-2020,8:00 AM,Andhra Pradesh,-,-,887,44,1930,854327
1773,10-05-2020,8:00 AM,Arunachal Pradesh,-,-,1,0,1,854328
1774,10-05-2020,8:00 AM,Assam,-,-,34,2,63,854391
1775,10-05-2020,8:00 AM,Bihar,-,-,322,5,591,854982
1776,10-05-2020,8:00 AM,Chandigarh,-,-,24,2,169,855151
1777,10-05-2020,8:00 AM,Chhattisgarh,-,-,43,0,59,855210
1778,10-05-2020,8:00 AM,Dadar Nagar Haveli,-,-,0,0,1,855211
1779,10-05-2020,8:00 AM,Delhi,-,-,2020,73,6542,861753
1780,10-05-2020,8:00 AM,Goa,-,-,7,0,7,861760
1781,10-05-2020,8:00 AM,Gujarat,-,-,2091,472,7796,869556
1782,10-05-2020,8:00 AM,Haryana,-,-,290,9,675,870231
1783,10-05-2020,8:00 AM,Himachal Pradesh,-,-,38,2,50,870281
1784,10-05-2020,8:00 AM,Jammu and Kashmir,-,-,368,9,836,871117
1785,10-05-2020,8:00 AM,Jharkhand,-,-,78,3,156,871273
1786,10-05-2020,8:00 AM,Karnataka,-,-,386,30,794,872067
1787,10-05-2020,8:00 AM,Kerala,-,-,485,4,505,872572
1788,10-05-2020,8:00 AM,Ladakh,-,-,17,0,42,872614
1789,10-05-2020,8:00 AM,Madhya Pradesh,-,-,1676,215,3614,876228
1790,10-05-2020,8:00 AM,Maharashtra,-,-,3800,779,20228,896456
1791,10-05-2020,8:00 AM,Manipur,-,-,2,0,2,896458
1792,10-05-2020,8:00 AM,Meghalaya,-,-,10,1,13,896471
1793,10-05-2020,8:00 AM,Mizoram,-,-,1,0,1,896472
1794,10-05-2020,8:00 AM,Odisha,-,-,63,2,294,896766
1795,10-05-2020,8:00 AM,Puducherry,-,-,6,0,9,896775
1796,10-05-2020,8:00 AM,Punjab,-,-,157,31,1762,898537
1797,10-05-2020,8:00 AM,Rajasthan,-,-,2026,106,3708,902245
1798,10-05-2020,8:00 AM,Tamil Nadu,-,-,1824,44,6535,908780
1799,10-05-2020,8:00 AM,Telengana,-,-,750,30,1163,909943
1800,10-05-2020,8:00 AM,Tripura,-,-,2,0,134,910077
1801,10-05-2020,8:00 AM,Uttarakhand,-,-,46,1,67,910144
1802,10-05-2020,8:00 AM,Uttar Pradesh,-,-,1499,74,3373,913517
1803,10-05-2020,8:00 AM,West Bengal,-,-,372,171,1786,915303
1804,11-05-2020,8:00 AM,Andaman and Nicobar Islands,-,-,33,0,33,915336
1805,11-05-2020,8:00 AM,Andhra Pradesh,-,-,925,45,1980,917316
1806,11-05-2020,8:00 AM,Arunachal Pradesh,-,-,1,0,1,917317
1807,11-05-2020,8:00 AM,Assam,-,-,34,2,63,917380
1808,11-05-2020,8:00 AM,Bihar,-,-,365,6,696,918076
1809,11-05-2020,8:00 AM,Chandigarh,-,-,24,2,169,918245
1810,11-05-2020,8:00 AM,Chhattisgarh,-,-,49,0,59,918304
1811,11-05-2020,8:00 AM,Dadar Nagar Haveli,-,-,0,0,1,918305
1812,11-05-2020,8:00 AM,Delhi,-,-,2069,73,6923,925228
1813,11-05-2020,8:00 AM,Goa,-,-,7,0,7,925235
1814,11-05-2020,8:00 AM,Gujarat,-,-,2545,493,8194,933429
1815,11-05-2020,8:00 AM,Haryana,-,-,300,10,703,934132
1816,11-05-2020,8:00 AM,Himachal Pradesh,-,-,39,2,55,934187
1817,11-05-2020,8:00 AM,Jammu and Kashmir,-,-,383,9,861,935048
1818,11-05-2020,8:00 AM,Jharkhand,-,-,78,3,157,935205
1819,11-05-2020,8:00 AM,Karnataka,-,-,424,31,848,936053
1820,11-05-2020,8:00 AM,Kerala,-,-,489,4,512,936565
1821,11-05-2020,8:00 AM,Ladakh,-,-,21,0,42,936607
1822,11-05-2020,8:00 AM,Madhya Pradesh,-,-,1676,215,3614,940221
1823,11-05-2020,8:00 AM,Maharashtra,-,-,4199,832,22171,962392
1824,11-05-2020,8:00 AM,Manipur,-,-,2,0,2,962394
1825,11-05-2020,8:00 AM,Meghalaya,-,-,10,1,13,962407
1826,11-05-2020,8:00 AM,Mizoram,-,-,1,0,1,962408
1827,11-05-2020,8:00 AM,Odisha,-,-,68,3,377,962785
1828,11-05-2020,8:00 AM,Puducherry,-,-,6,0,9,962794
1829,11-05-2020,8:00 AM,Punjab,-,-,166,31,1823,964617
1830,11-05-2020,8:00 AM,Rajasthan,-,-,2176,107,3814,968431
1831,11-05-2020,8:00 AM,Tamil Nadu,-,-,1959,47,7204,975635
1832,11-05-2020,8:00 AM,Telengana,-,-,750,30,1196,976831
1833,11-05-2020,8:00 AM,Tripura,-,-,2,0,150,976981
1834,11-05-2020,8:00 AM,Uttarakhand,-,-,46,1,68,977049
1835,11-05-2020,8:00 AM,Uttar Pradesh,-,-,1653,74,3467,980516
1836,11-05-2020,8:00 AM,West Bengal,-,-,417,185,1939,982455
